{

    "type":"FeatureCollection",
    "features": [
        {
            "type":"Feature",
            "geometry":{ 
                "type":"Polygon",
                "coordinates":[
                [
                    [-106.64649423211814,52.114673492191024],
                    [-106.64645802229643,52.12893014980957],
                    [-106.6468707472086,52.12904520390892],
                    [-106.6476358473301,52.12946734082352],
                    [-106.64902221411468,52.12897851784818],
                    [-106.65189016610384,52.12768120712492],
                    [-106.65230691432953,52.12731956705312],
                    [-106.65244538336992,52.12708183393294],
                    [-106.6529593616724,52.12664444284429],
                    [-106.65374726057053,52.125750710857126],
                    [-106.65425855666399,52.124994256258525],
                    [-106.65590912103653,52.122904728142366],
                    [-106.65773805230856,52.121819682828274],
                    [-106.65924780070782,52.12155001275342],
                    [-106.6603334248066,52.12112018410077],
                    [-106.66149213910103,52.121090540592604],
                    [-106.66340086609125,52.12072205367188],
                    [-106.66854701936245,52.120803985664],
                    [-106.66932720690966,52.12077434194555],
                    [-106.67014259845018,52.120395559363054],
                    [-106.67150717228651,52.120160259648756],
                    [-106.67306620627642,52.119486468031205],
                    [-106.6745638847351,52.11853371382913],
                    [-106.67698491364717,52.114617490782585],
                    [-106.6748696565628,52.114634167679974],
                    [-106.67484853416683,52.11471631674996],
                    [-106.67335420846939,52.11471425787789],
                    [-106.67229641228913,52.11482111321356],
                    [-106.67167514562607,52.11481267185727],
                    [-106.67045272886755,52.11461604956896],
                    [-106.64856657385828,52.114621196760325],
                    [-106.64649423211814,52.114673492191024]
                ]
            ]
        },

        "properties": {"text":"Nutana"},
        "id":"eecf2cef-bc97-41f1-b550-b6bb849dc326"
        },
                        
        {
            "type":"Feature",
            "geometry":{
                "type":"Polygon", 
                "coordinates":[
                [
                    [-106.63407862186432,52.08971851682066],
                    [-106.63411717861892,52.09338171127577],
                    [-106.63377821445465,52.093377385575394],
                    [-106.63377419114113,52.09537416666202],
                    [-106.63379564881326,52.09561083305758],
                    [-106.633905954659,52.09575563354908],
                    [-106.63515150547029,52.09656943240415],
                    [-106.63532115519047,52.097517712821876],
                    [-106.63524974137545,52.10531225055745],
                    [-106.63823269307613,52.105297011688016],
                    [-106.63825549185275,52.10734576918943],
                    [-106.64654653519392,52.107303143471924],
                    [-106.64655424654484,52.0955239113419],
                    [-106.64647847414017,52.08978361360543],
                    [-106.63407862186432,52.08971851682066]
                ]
            ]
        },
        
        "properties":{"text":"Adelaide/Churchill"},
        "id":"00a99361-77e8-4566-a7f4-4eb0941bde4b"
        },
            
        
        {
            "type":"Feature",
            "geometry":{
                "type":"Polygon",
                "coordinates":[
                [
                    [-106.75467442721128,52.11470519883959],
                    [-106.74422319978476,52.11476655319942],
                    [-106.73561297357082,52.11475955304181],
                    [-106.73479691147804,52.11492364468216],
                    [-106.73090066760778,52.11623182669668],
                    [-106.7300882935524,52.11637244265463],
                    [-106.72933090478183,52.1164101185973],
                    [-106.7292883247137,52.11737979993561],
                    [-106.74172170460226,52.1180287129054],
                    [-106.74174584448338,52.11761779068776],
                    [-106.75472337752579,52.11828214050075],
                    [-106.75467442721128,52.11470519883959]
                ]
            ]
            
        },
        "properties":{"text":"Agpro Industrial"},
        "id":"bcc4ccc9-40b3-4659-a954-e3b3a645d7ea"
        },
                
        {
            "type":"Feature",
            "geometry": {
                "type":"Polygon",
                "coordinates":[
                [
                    [-106.67119234800339,52.20205053761577],
                    [-106.67162284255026,52.20204540052493],
                    [-106.67162653058767,52.20210129204137],
                    [-106.67255725711584,52.20209594947299],
                    [-106.67235374450685,52.20064459643609],
                    [-106.6761802509427,52.20064973368885],
                    [-106.67618293315172,52.20210273042507],
                    [-106.6823436319828,52.20212122392547],
                    [-106.68227322399616,52.194943318309335],
                    [-106.68286599218845,52.194916601158525],
                    [-106.68399386107922,52.19475999722849],
                    [-106.69171862304209,52.19477068412839],
                    [-106.6852394118905,52.19087801639379],
                    [-106.67075078934431,52.18279111209389],
                    [-106.67068272829056,52.1874438003362],
                    [-106.67094089090826,52.19143069732105],
                    [-106.67103409767151,52.198873236279134],
                    [-106.67119234800339,52.20205053761577]
                ]
            ]
        },
        "properties":{"text":"Agriplace"},
        "id":"fa4159a1-ec8e-4db1-ab47-ed600d8d7577"
    },
         
    {
            "type":"Feature",
            "geometry":{"type":"Polygon",
                "coordinates":[
                [
                    [-106.67028911411762,52.16955252389113],
                    [-106.67176801711321,52.16900224429247],
                    [-106.67213514447214,52.168782418439775],
                    [-106.67248617857693,52.16847067102774],
                    [-106.67268700897694,52.168191001306],
                    [-106.67286202311516,52.16777211035359],
                    [-106.67299613356589,52.166742242880794],
                    [-106.67585469782351,52.16674615017064],
                    [-106.67601328343154,52.166821416845025],
                    [-106.6812026873231,52.16680270301164],
                    [-106.68120134621859,52.166858227549255],
                    [-106.68225713074209,52.16685966707338],
                    [-106.68225713074209,52.166776997183746],
                    [-106.6832894459367,52.16677514636355],
                    [-106.6832599416375,52.16391635987912],
                    [-106.68733354657887,52.163914303280045],
                    [-106.68724335730076,52.15880891443609],
                    [-106.68930161744355,52.15880912011961],
                    [-106.69046301394701,52.15868344732038],
                    [-106.69256653636694,52.158360727819286],
                    [-106.6939327865839,52.15828112742961],
                    [-106.70524299144745,52.15826796352718],
                    [-106.70526511967182,52.15664013470886],
                    [-106.70470353215931,52.15651712980891],
                    [-106.70430053025484,52.15609216377625],
                    [-106.70419055968523,52.15572005804734],
                    [-106.69994495809078,52.15418573186351],
                    [-106.69753767549992,52.15294366853088],
                    [-106.69586967676878,52.152917748986546],
                    [-106.69472537934782,52.15159089501061],
                    [-106.69470760971308,52.151188511013586],
                    [-106.69302050024271,52.15119694548029],
                    [-106.69303223490715,52.14760166066192],
                    [-106.68893080204725,52.14952215820212],
                    [-106.68688058853151,52.15054542965194],
                    [-106.68618958443403,52.15095522537445],
                    [-106.68458729982376,52.15097744310701],
                    [-106.68011102825403,52.153104739646686],
                    [-106.67726118117571,52.15434330151514],
                    [-106.6763150319457,52.15462676092031],
                    [-106.6753725707531,52.15477507241521],
                    [-106.67431041598321,52.154880597491434],
                    [-106.67008325457573,52.15488717994404],
                    [-106.67003162205219,52.15731213039378],
                    [-106.67031593620779,52.16394309565852],
                    [-106.67028911411762,52.16955252389113]
                ]
            ]
        },
        "properties":{"text":"Airport Business Area"},
        "id":"3bb11a5b-4906-4b24-9076-a2c3a8393a85"
    
    },
        {
            
            "type":"Feature",
            "geometry":{"type":"Polygon",
                "coordinates":[
                [
                    [-106.58231165260077,52.13551266006107],
                    [-106.5850917622447,52.13395746923364],
                    [-106.58522419631483,52.13392454148881],
                    [-106.58537741750479,52.13396549536777],
                    [-106.5785900875926,52.12937410468674],
                    [-106.57816797494888,52.1289532018175],
                    [-106.57681111246349,52.12670948574382],
                    [-106.5762636065483,52.12625665346034],
                    [-106.57482493668795,52.12641658611518],
                    [-106.57186612486841,52.126847187012146],
                    [-106.56959261745214,52.12739654702972],
                    [-106.56811706721783,52.12792120113579],
                    [-106.5665690973401,52.12862409210974],
                    [-106.55306819826363,52.13601540499081],
                    [-106.55959468334913,52.14055075973283],
                    [-106.56849022954702,52.13568531849695],
                    [-106.56930293887855,52.1353076916093],
                    [-106.56996075063944,52.135102722214455],
                    [-106.57082308083773,52.134917713888605],
                    [-106.57218597829342,52.13477942017768],
                    [-106.58073082566261,52.13476727829864],
                    [-106.58121529966593,52.13484136428877],
                    [-106.58149693161249,52.13495804947342],
                    [-106.58231165260077,52.13551266006107]
                ]
            ]
        },
        "properties":{"text":"Arbor Creek"},
        "id":"a2480907-89d1-4743-9226-eb671de080f0"
    },
        {
            "type":"Feature",
            "geometry":{"type":"Polygon",
                "coordinates":[
                [
                    [-106.51688754558565,52.17281540224937],
                    [-106.54293581843378,52.18437049881696],
                    [-106.5479190275073,52.1871132728511],
                    [-106.55292872339487,52.183986089928496],
                    [-106.5565812215209,52.18107372490673],
                    [-106.55788343399763,52.179506967543496],
                    [-106.56076446175575,52.17750161850458],
                    [-106.56145110726357,52.176772359564346],
                    [-106.5638067573309,52.17486372931923],
                    [-106.56263161450624,52.174545033752416],
                    [-106.56170055270195,52.17410050102575],
                    [-106.55774161219597,52.17147680389118],
                    [-106.55541077256201,52.17280799997287],
                    [-106.55456990003587,52.17344746987077],
                    [-106.5528479218483,52.172790111132954],
                    [-106.55306752771138,52.17255159257995],
                    [-106.5513227507472,52.171769818495804],
                    [-106.5513140335679,52.172882433919206],
                    [-106.51688754558565,52.17281540224937]
                ]
            ]
        },
        
        "properties":{"text":"Aspen Ridge"},
        "id":"8e7e61a0-bc82-4b05-b41c-9a9056fac29f"
    },
        {
            "type":"Feature",
            "geometry":{"type":"Polygon",
                "coordinates":[
                [
                    [-106.67041350156069,52.10005865069434],
                    [-106.66909921914339,52.09879448165376],
                    [-106.66523281484842,52.09442069115428],
                    [-106.66409086436033,52.09343032387943],
                    [-106.66193269193174,52.09222858830783],
                    [-106.65873080492021,52.090775091819204],
                    [-106.65785137563944,52.09047289208823],
                    [-106.65664907544853,52.090143910231475],
                    [-106.65484059602022,52.08986869248792],
                    [-106.65353234857321,52.08980730386746],
                    [-106.64647847414017,52.08978361360543],
                    [-106.64655290544033,52.100201789114514],
                    [-106.66912402957678,52.10019272712743],
                    [-106.67041886597872,52.10025204191855],
                    [-106.67041350156069,52.10005865069434]
                ]
            ]
        },
        
        "properties":{"text":"Avalon"},
        "id":"be602360-39a7-496f-a1a8-6715c9243c93"
    },
    
        {
            "type":"Feature",
            "geometry":{"type":"Polygon",
                "coordinates":[
                [
                    [-106.73162754625082,52.1589722268405],
                    [-106.7393147572875,52.1589722268405],
                    [-106.74116313457489,52.15892265726976],
                    [-106.74238253384829,52.15876057878583],
                    [-106.743142940104,52.15857834262826],
                    [-106.74461849033833,52.158381502057765],
                    [-106.76550317555666,52.158422227764454],
                    [-106.76550049334764,52.15115251022311],
                    [-106.81304063647987,52.151197356917656],
                    [-106.82481553405523,52.151276352820176],
                    [-106.82496573776008,52.12207782349352],
                    [-106.78931046277286,52.12210396684275],
                    [-106.78927157074213,52.11478755366562],
                    [-106.80112693458797,52.11476161191183],
                    [-106.80120572447777,52.10786551137573],
                    [-106.79212812334298,52.10757784182547],
                    [-106.78943820297718,52.10904067472157],
                    [-106.78947575390339,52.10746582111203],
                    [-106.78925547748804,52.10484375590725],
                    [-106.78685892373323,52.10027201945196],
                    [-106.76555782556534,52.10034966400718],
                    [-106.76555816084146,52.10007801044996],
                    [-106.76290411502123,52.100325567435554],
                    [-106.73513285815717,52.10044749183527],
                    [-106.73511575907469,52.100014576325684],
                    [-106.73677068203688,52.09992704532428],
                    [-106.73789083957674,52.09972623826023],
                    [-106.73904452472925,52.09934871853237],
                    [-106.74001850187778,52.098820844619276],
                    [-106.74076348543167,52.098177213077776],
                    [-106.74122013151646,52.097536661747284],
                    [-106.7414253205061,52.09703842591218],
                    [-106.74152590334415,52.09650970077332],
                    [-106.74162179231644,52.09288960867433],
                    [-106.73285868018866,52.092866744001256],
                    [-106.73286940902472,52.08798208683487],
                    [-106.72911431640387,52.08798867917518],
                    [-106.72911163419485,52.08569695819272],
                    [-106.72607805579901,52.08567491391886],
                    [-106.72606732696295,52.08787640324605],
                    [-106.72493007034063,52.08786981088913],
                    [-106.72491934150459,52.08567697413185],
                    [-106.72354236245155,52.085691807662414],
                    [-106.72211375087501,52.08606532257801],
                    [-106.71949960291386,52.086906080235025],
                    [-106.7178674787283,52.087728899027226],
                    [-106.71792112290859,52.100312180445684],
                    [-106.71785540878773,52.10685176139306],
                    [-106.718175932765,52.10674776989244],
                    [-106.71909626573324,52.106126492845476],
                    [-106.7196112498641,52.105941981985886],
                    [-106.72062411904335,52.10574696800419],
                    [-106.7215099185705,52.10591109281647],
                    [-106.72698330134152,52.10606821550246],
                    [-106.72770213335754,52.10599058090245],
                    [-106.72837100923063,52.105790007066076],
                    [-106.72886285930872,52.105781975856736],
                    [-106.74163788557054,52.10615470481812],
                    [-106.74168985337018,52.107172177244394],
                    [-106.7419258877635,52.10782453350731],
                    [-106.74242511391638,52.10853886090511],
                    [-106.74365725368261,52.109900149032875],
                    [-106.74392078071833,52.1103352335696],
                    [-106.7441698908806,52.11105775691099],
                    [-106.74422319978476,52.11476655319942],
                    [-106.73561297357082,52.11475955304181],
                    [-106.73503864556551,52.114849937345035],
                    [-106.73090066760778,52.11623182669668],
                    [-106.7300882935524,52.11637244265463],
                    [-106.72933090478183,52.1164101185973],
                    [-106.7292883247137,52.11737979993561],
                    [-106.74172170460226,52.1180287129054],
                    [-106.74174584448338,52.11761779068776],
                    [-106.74183033406734,52.1176206729209],
                    [-106.76550351083279,52.118815548383814],
                    [-106.76545154303312,52.119723624079306],
                    [-106.76454260945322,52.120515370288864],
                    [-106.76420766860247,52.12094788093386],
                    [-106.76399946212769,52.12150348935408],
                    [-106.76386334002018,52.12220174694997],
                    [-106.76390323787928,52.12281662451868],
                    [-106.76301408559083,52.12296380687656],
                    [-106.76067419350149,52.122998801211786],
                    [-106.76073387265204,52.12445165941891],
                    [-106.75585962831974,52.12447800721776],
                    [-106.75531513988973,52.124068997053115],
                    [-106.75065748393536,52.12629493854966],
                    [-106.7417746782303,52.12638509363007],
                    [-106.73754952847959,52.128522827095246],
                    [-106.73663020133971,52.12915120160871],
                    [-106.73554826527835,52.129535672702715],
                    [-106.74334410578012,52.12958753899893],
                    [-106.7535562813282,52.129321209043376],
                    [-106.75354521721601,52.13232360633755],
                    [-106.75298262387514,52.13232113666697],
                    [-106.75293199717999,52.13694103349617],
                    [-106.75337187945844,52.13695420370519],
                    [-106.75335947424173,52.13963076208642],
                    [-106.75351403653622,52.13968158777105],
                    [-106.75349861383438,52.143724616027356],
                    [-106.74944680184126,52.1437713219806],
                    [-106.74944311380386,52.14383222482407],
                    [-106.74231715500355,52.14386267621458],
                    [-106.74243148416281,52.146228562147066],
                    [-106.74275670200586,52.14647051365492],
                    [-106.74272820353508,52.14770041349294],
                    [-106.74235001206397,52.14794482580791],
                    [-106.74233593046665,52.15119961982305],
                    [-106.73349905759096,52.151181722295306],
                    [-106.73347022384405,52.15359494355645],
                    [-106.73285700380804,52.15461524156019],
                    [-106.73267059028149,52.15485879311024],
                    [-106.73235911875963,52.15510193192648],
                    [-106.7322716116905,52.15566287402773],
                    [-106.73193030059339,52.15595702125929],
                    [-106.73147097229958,52.15612425235014],
                    [-106.73160508275032,52.156406054858046],
                    [-106.73162754625082,52.1589722268405]
                ]
            ]
        },
        "properties":{"text":"Blairmore Sector"},
        "id":"353ead17-cacb-4c0f-8c07-436dee65d1ec"
    },
        {
            "type":"Feature",
            "geometry":{"type":"Polygon",
                "coordinates":[
                [
                    [-106.76390323787928,52.12281662451868],
                    [-106.76301408559083,52.12296380687656],
                    [-106.76067419350149,52.122998801211786],
                    [-106.76073387265204,52.12445165941891],
                    [-106.75585962831974,52.12447800721776],
                    [-106.75531513988973,52.124068997053115],
                    [-106.75065748393536,52.12629493854966],
                    [-106.7417746782303,52.12638509363007],
                    [-106.73754952847959,52.128522827095246],
                    [-106.73663020133971,52.12915120160871],
                    [-106.73554826527835,52.129535672702715],
                    [-106.74334410578012,52.12958753899893],
                    [-106.75855726003647,52.129186808546436],
                    [-106.7598470672965,52.12917878155139],
                    [-106.76238711923361,52.129271400636966],
                    [-106.76454730331899,52.129295481567674],
                    [-106.76390323787928,52.12281662451868]
                ]
            ]
        },
        
        "properties":{"text":"Blairmore Suburban Centre"},
        "id":"f835c0fa-216d-434c-8e38-2fe8219c825d"
    },
        {
            "type":"Feature",
            "geometry":{"type":"Polygon",
                "coordinates":[
                [
                    [-106.62266347557306,52.107351946826284],
                    [-106.6210923716426,52.1073062322934],
                    [-106.61529041826725,52.106193213102294],
                    [-106.60765249282122,52.10479639133898],
                    [-106.60447642207146,52.1048054523907],
                    [-106.60443015396595,52.114742670304274],
                    [-106.62270069122314,52.11478755366562],
                    [-106.62266347557306,52.107351946826284]
                ]
            ]
        },
        "properties":{"text":"Brevoort Park"},
        "id":"23a071b7-7bfb-4da2-9222-ecf1df99074a"
    },
        {
            "type":"Feature",
            "geometry":{"type":"Polygon",
                "coordinates":[
                [
                    [-106.55203722417355,52.109487298682225],
                    [-106.55970364809035,52.1147857006837],
                    [-106.57504085451366,52.11477746520762],
                    [-106.57492753118278,52.11188589551042],
                    [-106.57487723976374,52.10728419869552],
                    [-106.57475553452969,52.10692630564624],
                    [-106.57255645841359,52.1027017974576],
                    [-106.57167870551348,52.102849252177734],
                    [-106.57057497650383,52.10295634189234],
                    [-106.56269900500774,52.10298970440474],
                    [-106.56141187995674,52.102849252177734],
                    [-106.56082212924959,52.10268305666915],
                    [-106.55880343168974,52.101959161945416],
                    [-106.55825324356556,52.10215542816233],
                    [-106.55581612139942,52.10540533110628],
                    [-106.55610110610723,52.105835723153355],
                    [-106.55665799975395,52.10598646235221],
                    [-106.5565161779523,52.10639625623272],
                    [-106.5574385225773,52.10751874269739],
                    [-106.55765578150748,52.10774463685162],
                    [-106.55825022608042,52.10796373455518],
                    [-106.55790589749813,52.10869041462672],
                    [-106.5565399825573,52.1085230053909],
                    [-106.55653830617666,52.10815791517268],
                    [-106.5557487308979,52.10821063001942],
                    [-106.55516937375069,52.108540920062396],
                    [-106.55508320778608,52.108018714730996],
                    [-106.55474156141281,52.10785562727019],
                    [-106.55459940433502,52.10786818832056],
                    [-106.55443411320448,52.108187773198985],
                    [-106.55455112457275,52.107868806077086],
                    [-106.55395768582822,52.1079093720675],
                    [-106.55366331338882,52.108108906782704],
                    [-106.55366230756043,52.108589104315556],
                    [-106.55328210443258,52.10859136938602],
                    [-106.55296660959719,52.10876516172092],
                    [-106.55330792069435,52.109006904908696],
                    [-106.55293308198452,52.108783282209735],
                    [-106.5526695549488,52.10893607058399],
                    [-106.55264742672443,52.10918460796645],
                    [-106.55203722417355,52.109487298682225]
                ]
            ]
        },
        "properties":{"text":"Briarwood"},
        "id":"922c1b8d-faae-464f-b255-f521ec9e62dd"
    },
        {
            "type":"Feature",
            "geometry":{"type":"Polygon",
                "coordinates":[
                [
                    [-106.5762636065483,52.12625665346034],
                    [-106.55970364809035,52.1147857006837],
                    [-106.53957031667233,52.11474040554634],
                    [-106.53967693448067,52.12448891684867],
                    [-106.53993710875511,52.12554816753769],
                    [-106.54066298156977,52.12648121768155],
                    [-106.54158029705287,52.12712011831329],
                    [-106.54404625296593,52.12813402493192],
                    [-106.54501151293516,52.12873626548522],
                    [-106.54571525752546,52.12948689363096],
                    [-106.54608037322761,52.13001810925376],
                    [-106.54655680060387,52.13101116292947],
                    [-106.54698695987462,52.13158084673632],
                    [-106.54728971421719,52.131874947266795],
                    [-106.54788348823786,52.13235303656823],
                    [-106.55306819826363,52.13601540499081],
                    [-106.5665690973401,52.12862409210974],
                    [-106.56811706721783,52.12792120113579],
                    [-106.56959261745214,52.12739654702972],
                    [-106.57186612486841,52.126847187012146],
                    [-106.57482493668795,52.12641658611518],
                    [-106.5762636065483,52.12625665346034]
                ]
            ]
        },
        "properties":{"text":"Brighton"},
        "id":"ef4ab855-01ee-44c0-b018-6de6c9029817"
    },
        {
            "type":"Feature",
            "geometry":{"type":"Polygon",
                "coordinates":[
                [
                    [-106.65674161165953,52.10732414745376],
                    [-106.65675602853298,52.114633755904784],
                    [-106.67045272886755,52.11461604956896],
                    [-106.67167514562607,52.11481267185727],
                    [-106.67229641228913,52.11482111321356],
                    [-106.67335420846939,52.11471425787789],
                    [-106.67484853416683,52.11471631674996],
                    [-106.6748696565628,52.114634167679974],
                    [-106.67698491364717,52.114617490782585],
                    [-106.67746368795633,52.11393640919978],
                    [-106.67777180671692,52.1136874865207],
                    [-106.67808327823877,52.11321310893172],
                    [-106.6785017028451,52.112806466138515],
                    [-106.67875852435827,52.11235905183299],
                    [-106.67917024344206,52.11183318500872],
                    [-106.67946998029949,52.111609988287434],
                    [-106.67951356619596,52.11153730498113],
                    [-106.6793891787529,52.11139461474618],
                    [-106.67953804135323,52.11110820338697],
                    [-106.6802578791976,52.11022939702146],
                    [-106.68041177093984,52.10967961947076],
                    [-106.68082080781458,52.10938393106338],
                    [-106.68106354773046,52.10912283409853],
                    [-106.68104309588671,52.10861299050723],
                    [-106.68111819773912,52.10837330434882],
                    [-106.68106153607368,52.108034158588424],
                    [-106.68089389801025,52.10792502188137],
                    [-106.68094687163831,52.10784471356783],
                    [-106.6817853972316,52.10753562817055],
                    [-106.68195370584726,52.10737583368065],
                    [-106.68199125677347,52.10725722296739],
                    [-106.67694300413132,52.107340827079355],
                    [-106.67610481381416,52.10746870400155],
                    [-106.67044501751661,52.1074520244238],
                    [-106.67043898254633,52.10732888364438],
                    [-106.65674161165953,52.10732414745376]
                ]
            ]
        },
        "properties":{"text":"Buena Vista"},
        "id":"297ef62e-0cc5-4a15-bec1-5b20dc5fe62c"
    },
        {
            "type":"Feature",
            "geometry":{"type":"Polygon",
                "coordinates":[
                [
                    [-106.68126605451108,52.12929301172924],
                    [-106.67082320898771,52.12930494928046],
                    [-106.67022708803414,52.12926440275722],
                    [-106.67023681104183,52.13253970198422],
                    [-106.67017478495836,52.133632100887006],
                    [-106.67022909969091,52.14386288196713],
                    [-106.68137602508067,52.14386555675045],
                    [-106.68126605451108,52.12929301172924]
                ]
            ]
        },
        "properties":{"text":"Caswell Hill"},
        "id":"1c44ec47-b90c-4df4-94d1-f0e6459adefd"
    },
        {
            "type":"Feature",
            "geometry":{"type":"Polygon",
                "coordinates":[
                [
                    [-106.6504642367363,52.13100498857086],
                    [-106.65156226605176,52.13159607662249],
                    [-106.65222644805907,52.13180620735865],
                    [-106.66350312530996,52.133882352780134],
                    [-106.66464306414127,52.13394759091275],
                    [-106.66601903736591,52.13392021972049],
                    [-106.66830327361824,52.13344893865973],
                    [-106.66893124580385,52.13335900367251],
                    [-106.6701751202345,52.13327956437945],
                    [-106.67023681104183,52.13253970198422],
                    [-106.67017243802547,52.12609404438111],
                    [-106.6697821766138,52.12519350867469],
                    [-106.66899997740984,52.123899998803054],
                    [-106.66882697492838,52.12347101620136],
                    [-106.668736115098,52.12306343773521],
                    [-106.66875723749399,52.122054356222115],
                    [-106.66847996413709,52.1220374762473],
                    [-106.668149381876,52.12208235226378],
                    [-106.6679861024022,52.122256297863956],
                    [-106.66799247264862,52.12240492303417],
                    [-106.66791435331106,52.12240862836449],
                    [-106.66784025728703,52.12230920189409],
                    [-106.66793178766966,52.12217395683606],
                    [-106.6675914824009,52.122066501565875],
                    [-106.66723474860191,52.122088116152526],
                    [-106.6671247780323,52.122136697470964],
                    [-106.66656352579595,52.12213113944146],
                    [-106.66634291410446,52.122199276718305],
                    [-106.66624233126639,52.12215728275938],
                    [-106.66554864495993,52.12220359962363],
                    [-106.6649478301406,52.12215604764235],
                    [-106.66387259960173,52.12247182478417],
                    [-106.66384443640709,52.122441358768924],
                    [-106.6636073961854,52.12246585509367],
                    [-106.66340287774803,52.12254078494449],
                    [-106.66223578155041,52.122561987599205],
                    [-106.66116289794445,52.122714728755405],
                    [-106.66071631014348,52.122825476058836],
                    [-106.65910262614489,52.12372976483869],
                    [-106.65751241147518,52.12501072343414],
                    [-106.65736421942711,52.12517971747209],
                    [-106.6567312180996,52.12660801054581],
                    [-106.65648110210897,52.126772058570204],
                    [-106.65577031672001,52.127753864110296],
                    [-106.65549505501987,52.12798253730506],
                    [-106.6551473736763,52.12814534531813],
                    [-106.65469072759151,52.128486190508916],
                    [-106.65400810539722,52.12911044912485],
                    [-106.6537720710039,52.12925719905633],
                    [-106.65375899523495,52.129320591584126],
                    [-106.65478728711605,52.12880048204278],
                    [-106.65520671755075,52.12843473457839],
                    [-106.65556613355875,52.12847466438564],
                    [-106.65550947189331,52.128507390335],
                    [-106.65523052215576,52.128499774864665],
                    [-106.6548627242446,52.128877459460966],
                    [-106.65411204099657,52.12930103870368],
                    [-106.65345724672079,52.12954225890242],
                    [-106.65309883654116,52.129742520071865],
                    [-106.65306061506271,52.12981352715629],
                    [-106.65292751044034,52.129825670385465],
                    [-106.65252082049847,52.12999773341292],
                    [-106.65210004895927,52.13006688774394],
                    [-106.65121659636497,52.130429740406186],
                    [-106.6504642367363,52.13100498857086]
                ]
            ]
        },
        "properties":{"text":"Central Business District"},
        "id":"e296d5cc-6a8f-4948-9feb-7a0c9af41b59"
    },
        {
            "type":"Feature",
            "geometry":{"type":"Polygon",
                "coordinates":[
                [
                    [-106.66148141026497,52.143866997018264],
                    [-106.67022909969091,52.14386288196713],
                    [-106.6701751202345,52.13327956437945],
                    [-106.66893124580385,52.13335900367251],
                    [-106.66830327361824,52.13344893865973],
                    [-106.66601903736591,52.13392021972049],
                    [-106.66443653404713,52.133944298138644],
                    [-106.66068881750107,52.14193041192902],
                    [-106.65984861552714,52.14280921060573],
                    [-106.65928401052952,52.14313636372626],
                    [-106.65833618491888,52.14355877863452],
                    [-106.65809713304043,52.143553634784965],
                    [-106.65805522352457,52.14369560481587],
                    [-106.66148141026497,52.143866997018264]
                ]
            ]
        },
        "properties":{"text":"Central Industrial"},
        "id":"2c10506d-7837-4aad-813d-13454acfa141"
    },
        {
            "type":"Feature",
            "geometry":{"type":"Polygon",
                "coordinates":[
                [
                    [-106.64300769567491,52.14385712089488],
                    [-106.65517587214708,52.143868231533574],
                    [-106.65805522352457,52.14369560481587],
                    [-106.65809713304043,52.143553634784965],
                    [-106.65833618491888,52.14355877863452],
                    [-106.65928401052952,52.14313636372626],
                    [-106.65984861552714,52.14280921060573],
                    [-106.66068881750107,52.14193041192902],
                    [-106.66443653404713,52.133944298138644],
                    [-106.66350312530996,52.133882352780134],
                    [-106.65222644805907,52.13180620735865],
                    [-106.65156226605176,52.13159607662249],
                    [-106.6504642367363,52.13100498857086],
                    [-106.6497655212879,52.1315656168449],
                    [-106.64859943091871,52.13311142426866],
                    [-106.6484358161688,52.13341642214068],
                    [-106.64833053946494,52.134214099011],
                    [-106.64818000048399,52.13446228967492],
                    [-106.64795737713575,52.135319215964955],
                    [-106.6477847099304,52.13564395461795],
                    [-106.6465750336647,52.13696469871271],
                    [-106.64507903158665,52.138395700699476],
                    [-106.64441149681805,52.13920728105048],
                    [-106.6442545875907,52.13973344225592],
                    [-106.64403263479471,52.14129275248964],
                    [-106.6436829417944,52.141877942716754],
                    [-106.64362829178572,52.14224440286424],
                    [-106.64347004145384,52.142567444963014],
                    [-106.64223857223988,52.1436939587891],
                    [-106.64300769567491,52.14385712089488]
                ]
            ]
        },
        "properties":{"text":"City Park"},
        "id":"423a93c3-00c8-46ec-8b3d-42918cfcde43"
    },
        {
            "type":"Feature",
            "geometry":{"type":"Polygon",
                "coordinates":[
                [
                    [-106.67051073163748,52.085554597316445],
                    [-106.66667819023132,52.08559147521365],
                    [-106.6661896929145,52.08552493015914],
                    [-106.6587445512414,52.083371124259976],
                    [-106.646718531847,52.08012126419889],
                    [-106.64673697203398,52.08165546334365],
                    [-106.64648450911045,52.081589324500456],
                    [-106.64647847414017,52.08978361360543],
                    [-106.65353234857321,52.08980730386746],
                    [-106.65484059602022,52.08986869248792],
                    [-106.65664907544853,52.090143910231475],
                    [-106.65785137563944,52.09047289208823],
                    [-106.65873080492021,52.090775091819204],
                    [-106.66193269193174,52.09222858830783],
                    [-106.66409086436033,52.09343032387943],
                    [-106.66523281484842,52.09442069115428],
                    [-106.66909921914339,52.09879448165376],
                    [-106.67041350156069,52.10005865069434],
                    [-106.67040847241879,52.08776680518587],
                    [-106.67051576077938,52.087797088887314],
                    [-106.67051073163748,52.085554597316445]
                ]
            ]
        },
        "properties":{"text":"C.N. Industrial Area"},
        "id":"e353ea1a-b81d-413a-adc3-dc85e4580b8e"
    },
        {
            "type":"Feature",
            "geometry":{"type":"Polygon",
                "coordinates":[
                [
                    [-106.78947575390339,52.10746582111203],
                    [-106.78925547748804,52.10484375590725],
                    [-106.78685892373323,52.10027201945196],
                    [-106.76555782556534,52.10034966400718],
                    [-106.76555816084146,52.10007801044996],
                    [-106.76290411502123,52.100325567435554],
                    [-106.75344798713924,52.10038385228307],
                    [-106.73513285815717,52.10044749183527],
                    [-106.73511777073146,52.10019478667011],
                    [-106.71792112290859,52.100312180445684],
                    [-106.71785540878773,52.10685176139306],
                    [-106.718175932765,52.10674776989244],
                    [-106.71909626573324,52.106126492845476],
                    [-106.7196112498641,52.105941981985886],
                    [-106.72062411904335,52.10574696800419],
                    [-106.7215099185705,52.10591109281647],
                    [-106.72698330134152,52.10606821550246],
                    [-106.72770213335754,52.10599058090245],
                    [-106.72837100923063,52.105790007066076],
                    [-106.72886285930872,52.105781975856736],
                    [-106.77882570773362,52.10715220280168],
                    [-106.77973598241806,52.10722633470904],
                    [-106.78737726062538,52.10744358167218],
                    [-106.78947575390339,52.10746582111203]
                ]
            ]
        },
        "properties":{"text":"C.N. Yards Management Area"},
        "id":"e2a17262-eb5b-4b89-baad-284deaac348d"
    },
        {
            "type":"Feature",
            "geometry":{"type":"Polygon",
                "coordinates":[
                [
                    [-106.60293716937305,52.11466855089308],
                    [-106.58699344843627,52.114739170223764],
                    [-106.58695857971907,52.122035211859945],
                    [-106.58535864204168,52.12611133448863],
                    [-106.60768266767263,52.12933870371837],
                    [-106.60587351769209,52.1270945953967],
                    [-106.60464473068716,52.12458175152429],
                    [-106.60431750118732,52.123425524042226],
                    [-106.6042236238718,52.122243123309694],
                    [-106.60421323031187,52.11818311656715],
                    [-106.60443015396595,52.114742670304274],
                    [-106.60293716937305,52.11466855089308]
                ]
            ]
        },
        "properties":{"text":"College Park"},
        "id":"e7d8efb3-8628-4c29-84fb-5ab8aacbeb09"
    },
        {
            "type":"Feature",
            "geometry":{"type":"Polygon",
                "coordinates":[
                [
                    [-106.55970364809035,52.1147857006837],
                    [-106.5762636065483,52.12625665346034],
                    [-106.57763320952655,52.12607284340678],
                    [-106.58028557896614,52.125853834693544],
                    [-106.58234048634769,52.12585712806563],
                    [-106.583570279181,52.12593040553146],
                    [-106.58535864204168,52.12611133448863],
                    [-106.58695857971907,52.122035211859945],
                    [-106.58699344843627,52.114739170223764],
                    [-106.5776164457202,52.1147838477017],
                    [-106.55970364809035,52.1147857006837]
                ]
            ]
        },
        "properties":{"text":"College Park East"},
        "id":"5af1a9e0-e63c-41c0-8f05-d817a4470ba4"
    },
        {
            "type":"Feature",
            "geometry":{"type":"Polygon",
                "coordinates":[
                [
                    [-106.72590371221304,52.143894362098784],
                    [-106.74944311380386,52.14383222482407],
                    [-106.74944680184126,52.1437713219806],
                    [-106.75349861383438,52.143724616027356],
                    [-106.75351403653622,52.13968158777105],
                    [-106.75335947424173,52.13963076208642],
                    [-106.75337187945844,52.13695420370519],
                    [-106.73397716134787,52.13695708468789],
                    [-106.73318792134522,52.136902757554154],
                    [-106.73267092555761,52.136768174142084],
                    [-106.73192426562308,52.13639673004631],
                    [-106.72869320958853,52.13358559010063],
                    [-106.72806657850742,52.13319024645589],
                    [-106.72767329961061,52.133046596516635],
                    [-106.72693334519865,52.13294595896235],
                    [-106.72632716596125,52.13298958917742],
                    [-106.72452840954065,52.133271538121754],
                    [-106.72587990760803,52.13600511554853],
                    [-106.72609213739635,52.136495919299094],
                    [-106.72619707882404,52.136991450681435],
                    [-106.72637779265642,52.14038779128199],
                    [-106.72598082572222,52.14272608452428],
                    [-106.72590371221304,52.143894362098784]
                ]
            ]
        },
        "properties":{"text":"Confederation Park"},
        "id":"e424220a-f3fd-4a16-b45b-0d9576bbc884"
    },
        {
            "type":"Feature",
            "geometry":{"type":"Polygon",
                "coordinates":[
                [
                    [-106.76390323787928,52.12281662451868],
                    [-106.76301408559083,52.12296380687656],
                    [-106.76067419350149,52.122998801211786],
                    [-106.76073387265204,52.12445165941891],
                    [-106.75585962831974,52.12447800721776],
                    [-106.75531513988973,52.124068997053115],
                    [-106.75065748393536,52.12629493854966],
                    [-106.7417746782303,52.12638509363007],
                    [-106.73754952847959,52.128522827095246],
                    [-106.73663020133971,52.12915120160871],
                    [-106.73554826527835,52.129535672702715],
                    [-106.74334410578012,52.12958753899893],
                    [-106.75855726003647,52.129186808546436],
                    [-106.7598470672965,52.12917878155139],
                    [-106.76238711923361,52.129271400636966],
                    [-106.76454730331899,52.129295481567674],
                    [-106.76390323787928,52.12281662451868]
                ]
            ]
        },
        "properties":{"text":"Blairmore Suburban Centre"},
        "id":"3e1a80bf-1be0-40a9-a9f5-81f0bf12f905"
    },
        {
            "type":"Feature",
            "geometry":{"type":"Polygon",
                "coordinates":[
                [
                    [-106.68199125677347,52.10725722296739],
                    [-106.6820328310132,52.10673809146322],
                    [-106.68291930109262,52.1052498535321],
                    [-106.68300077319144,52.10499758744061],
                    [-106.68380174785851,52.10377536376352],
                    [-106.68375413864851,52.10322262347192],
                    [-106.68385807424784,52.10301750647934],
                    [-106.6838825494051,52.10266761095844],
                    [-106.68402303010225,52.1023980309598],
                    [-106.68484780937433,52.10132134226296],
                    [-106.68580938130617,52.10031341616797],
                    [-106.68676290661097,52.09971243917749],
                    [-106.68719742447139,52.09955261665457],
                    [-106.68753270059824,52.099580626828825],
                    [-106.68753437697889,52.09945931793248],
                    [-106.68820090591908,52.0993367729569],
                    [-106.68847750872374,52.099600192748944],
                    [-106.68854758143425,52.099581450657205],
                    [-106.68832965195179,52.09931308775472],
                    [-106.68865386396646,52.09901547696858],
                    [-106.68910179287195,52.098738666261255],
                    [-106.69041339308023,52.0982904929025],
                    [-106.69117346405984,52.09793046802745],
                    [-106.69206731021406,52.09729032508903],
                    [-106.69294908642769,52.096831014810775],
                    [-106.69416680932044,52.09607818885759],
                    [-106.69537011533976,52.095487247629066],
                    [-106.69581536203623,52.095180136356696],
                    [-106.69617176055908,52.09472574785966],
                    [-106.69711656868456,52.09396711885407],
                    [-106.69714305549859,52.093785029494434],
                    [-106.6976848617196,52.09298209718734],
                    [-106.69830545783043,52.092428399174004],
                    [-106.69856831431389,52.09155313855851],
                    [-106.70032985508442,52.09176242813777],
                    [-106.70072816312313,52.09190394523984],
                    [-106.70099437236786,52.09185965682094],
                    [-106.70097291469574,52.09166561123005],
                    [-106.7014319077134,52.09171319573648],
                    [-106.701491586864,52.09149587214432],
                    [-106.7014030739665,52.09148660239411],
                    [-106.7013430595398,52.09128843527323],
                    [-106.70042037963869,52.091235700423354],
                    [-106.70002341270448,52.091314802674816],
                    [-106.69917583465576,52.091235700423354],
                    [-106.69914364814758,52.09106101578793],
                    [-106.70052498579024,52.08956154253765],
                    [-106.70123778283596,52.089035612864095],
                    [-106.69406857341528,52.08804182988348],
                    [-106.69421341270208,52.092976947497895],
                    [-106.68805807828903,52.09296788404302],
                    [-106.68469090014696,52.09287704340499],
                    [-106.68234664946795,52.09260349043455],
                    [-106.6824009642005,52.09945849410182],
                    [-106.6822339966893,52.10055850041606],
                    [-106.68219309300184,52.10315095619618],
                    [-106.68210458010435,52.10359084317607],
                    [-106.68135892599821,52.10459910707442],
                    [-106.68108265846969,52.105313898002485],
                    [-106.68029073625803,52.10657808819059],
                    [-106.68027564883234,52.107224687334636],
                    [-106.6801355034113,52.10727122563746],
                    [-106.68199125677347,52.10725722296739]
                ]
            ]
        },
        "properties":{"text":"Diefenbaker Management Area"},
        "id":"7715ee9e-e2ba-4e0c-a6a7-406ec2400dac"
    },
        {
            "type":"Feature",
            "geometry":{"type":"Polygon",
                "coordinates":[
                [
                    [-106.71783093363047,52.143866174008096],
                    [-106.71780981123449,52.150793323599466],
                    [-106.73366468399763,52.150761436903466],
                    [-106.73366703093052,52.15118233945156],
                    [-106.74233593046665,52.15119961982305],
                    [-106.74235001206397,52.14794482580791],
                    [-106.74272820353508,52.14770041349294],
                    [-106.74275670200586,52.14647051365492],
                    [-106.74243148416281,52.146228562147066],
                    [-106.74231715500355,52.14386267621458],
                    [-106.72590371221304,52.143894362098784],
                    [-106.71783093363047,52.143866174008096]
                ]
            ]
        },
        "properties":{"text":"Dundonald"},
        "id":"2af967b4-addc-4a84-b551-96e6f86c9452"
    },
        {
            "type":"Feature",
            "geometry":{"type":"Polygon",
                "coordinates":[
                [
                    [-106.60467255860567,52.089457922728045],
                    [-106.60480968654154,52.09963623521092],
                    [-106.60982273519039,52.09966218576551],
                    [-106.61068975925446,52.10100212007545],
                    [-106.61185920238496,52.10069113368286],
                    [-106.61343432962894,52.100684543219266],
                    [-106.61343365907669,52.10026316343309],
                    [-106.6226889565587,52.10024297994167],
                    [-106.62267487496138,52.08966413209221],
                    [-106.61243923008443,52.089611807328794],
                    [-106.61104682832956,52.08951210170423],
                    [-106.60467255860567,52.089457922728045]
                ]
            ]
        },
        "properties":{"text":"Eastview"},
        "id":"32bf6001-7619-41e0-9988-9ceae671b0e0"
    },
        {
            "type":"Feature",
            "geometry":{"type":"Polygon",
                "coordinates":[
                [
                    [-106.73162754625082,52.1589722268405],
                    [-106.7393147572875,52.1589722268405],
                    [-106.74116313457489,52.15892265726976],
                    [-106.74238253384829,52.15876057878583],
                    [-106.743142940104,52.15857834262826],
                    [-106.74461849033833,52.158381502057765],
                    [-106.76550317555666,52.158422227764454],
                    [-106.76550049334764,52.15121587159488],
                    [-106.75675984472036,52.151199208385705],
                    [-106.75555285066368,52.15108914876117],
                    [-106.75444107502697,52.15083652489307],
                    [-106.75387613475323,52.15064067869298],
                    [-106.75315361469984,52.150309260524295],
                    [-106.75252731889486,52.14991365385649],
                    [-106.75212901085617,52.14958243600212],
                    [-106.7516542598605,52.14904487035158],
                    [-106.749625839293,52.146023437262464],
                    [-106.74911487847567,52.145451057712926],
                    [-106.74843225628139,52.1449375146592],
                    [-106.74741335213184,52.144443306176626],
                    [-106.74684941768646,52.144252781375094],
                    [-106.74562264233829,52.14397007892562],
                    [-106.74458462744953,52.14387172932666],
                    [-106.74231715500355,52.14386267621458],
                    [-106.74243148416281,52.146228562147066],
                    [-106.74275670200586,52.14647051365492],
                    [-106.74272820353508,52.14770041349294],
                    [-106.74235001206397,52.14794482580791],
                    [-106.74233593046665,52.15119961982305],
                    [-106.73349905759096,52.151181722295306],
                    [-106.73347022384405,52.15359494355645],
                    [-106.73285700380804,52.15461524156019],
                    [-106.73267059028149,52.15485879311024],
                    [-106.73235911875963,52.15510193192648],
                    [-106.7322716116905,52.15566287402773],
                    [-106.73193030059339,52.15595702125929],
                    [-106.73147097229958,52.15612425235014],
                    [-106.73160508275032,52.156406054858046],
                    [-106.73162754625082,52.1589722268405]
                ]
            ]
        },
        "properties":{"text":"Elk Point"},
        "id":"5e3b06e0-ef17-4f9f-ad16-d9003b4fedfa"
    },
        {
            "type":"Feature",
            "geometry":{"type":"Polygon",
                "coordinates":[
                [
                    [-106.58123642206192,52.14245283730189],
                    [-106.58011760562658,52.14142567612049],
                    [-106.57983966171743,52.14085879316832],
                    [-106.57987084239723,52.13757896102103],
                    [-106.5800492092967,52.13710524926127],
                    [-106.58045656979085,52.136624124167895],
                    [-106.58105000853539,52.13619485248236],
                    [-106.58231165260077,52.13551266006107],
                    [-106.58149693161249,52.13495804947342],
                    [-106.58121529966593,52.13484136428877],
                    [-106.58086828887463,52.13477571587594],
                    [-106.57218597829342,52.13477942017768],
                    [-106.57082308083773,52.134917713888605],
                    [-106.56985748559238,52.13512988688725],
                    [-106.56930293887855,52.1353076916093],
                    [-106.56849022954702,52.13568531849695],
                    [-106.55959468334913,52.14055075973283],
                    [-106.56345672905445,52.1432468545203],
                    [-106.56430598348379,52.14406369601993],
                    [-106.56482432037593,52.1446651040008],
                    [-106.56545631587505,52.14574630113833],
                    [-106.56560484319925,52.146265184143395],
                    [-106.57506465911867,52.146214983196955],
                    [-106.57512601464987,52.14378449017005],
                    [-106.58214502036573,52.14379621808548],
                    [-106.58176749944685,52.14305241523023],
                    [-106.58123642206192,52.14245283730189]
                ]
            ]
        },
        "properties":{"text":"Erindale"},
        "id":"8975fabe-3ed9-410e-ac7b-26eea860d516"
    },
        {
            "type":"Feature",
            "geometry":{"type":"Polygon",
                "coordinates":[
                [
                    [-106.58357430249453,52.170272853453696],
                    [-106.58350557088852,52.165474000724984],
                    [-106.58191535621881,52.16547852508425],
                    [-106.58195659518242,52.16208965112768],
                    [-106.5750914812088,52.16210116855354],
                    [-106.5750914812088,52.161545449358954],
                    [-106.57404240220787,52.161544215333755],
                    [-106.57404072582723,52.1610024749759],
                    [-106.56552538275719,52.160972446653815],
                    [-106.56553611159326,52.16153393178927],
                    [-106.56298734247686,52.16151357036419],
                    [-106.5630366280675,52.163301226857065],
                    [-106.55148267745972,52.16326790947974],
                    [-106.5513227507472,52.171769818495804],
                    [-106.55306752771138,52.17255159257995],
                    [-106.5528479218483,52.172790111132954],
                    [-106.55456990003587,52.17344746987077],
                    [-106.55541077256201,52.17280799997287],
                    [-106.55774161219597,52.17147680389118],
                    [-106.56170055270195,52.17410050102575],
                    [-106.5623989328742,52.174460322030555],
                    [-106.56339738518,52.17477326113234],
                    [-106.56423289328814,52.17493939347972],
                    [-106.56541708856821,52.175041375405414],
                    [-106.56643733382225,52.17501176777364],
                    [-106.56756922602654,52.174835766444765],
                    [-106.57274052500725,52.17345075972427],
                    [-106.58357430249453,52.170272853453696]
                ]
            ]
        },
        "properties":{"text":"Evergreen"},
        "id":"3a7bea7b-b48f-4d76-84b8-4ec18e2239bb"
    },
        {
            "type":"Feature",
            "geometry":{"type":"Polygon",
                "coordinates":[
                [
                    [-106.68234664946795,52.09260349043455],
                    [-106.67042657732964,52.09248113261422],
                    [-106.67041886597872,52.10025204191855],
                    [-106.66912402957678,52.10019272712743],
                    [-106.66498672217129,52.10021291064158],
                    [-106.66497498750687,52.10733032509359],
                    [-106.67043898254633,52.10732888364438],
                    [-106.67044501751661,52.1074520244238],
                    [-106.67610481381416,52.10746870400155],
                    [-106.67694300413132,52.107340827079355],
                    [-106.6801355034113,52.10727122563746],
                    [-106.68027564883234,52.107224687334636],
                    [-106.68029073625803,52.10657808819059],
                    [-106.68108265846969,52.105313898002485],
                    [-106.68135892599821,52.10459910707442],
                    [-106.68210458010435,52.10359084317607],
                    [-106.68219309300184,52.10315095619618],
                    [-106.6822339966893,52.10055850041606],
                    [-106.6824009642005,52.09945849410182],
                    [-106.68234664946795,52.09260349043455]
                ]
            ]
        },
        "properties":{"text":"Exhibition"},
        "id":"22fa2efb-9e80-4b95-9507-299b3f6ec322"
    },
        {
            "type":"Feature",
            "geometry":{"type":"Polygon",
                "coordinates":[
                [
                    [-106.74172170460226,52.1180287129054],
                    [-106.72428231686354,52.117111544130275],
                    [-106.72421392053366,52.117661435912716],
                    [-106.72547221183777,52.11945847035895],
                    [-106.72491163015366,52.119778795617904],
                    [-106.72470040619373,52.1199784830785],
                    [-106.72453343868256,52.12026277883711],
                    [-106.72445867210627,52.12165726341371],
                    [-106.72153037041427,52.121653969731256],
                    [-106.72163799405097,52.12253337430551],
                    [-106.72322150319815,52.127820140350536],
                    [-106.72666847705841,52.12678646677436],
                    [-106.72703191637991,52.126712779052646],
                    [-106.72754522413015,52.12665247029591],
                    [-106.73045877367258,52.126619125487494],
                    [-106.73107668757439,52.126514356760445],
                    [-106.73176400363445,52.126302142729465],
                    [-106.74019988626242,52.12212146435138],
                    [-106.74096398055555,52.12159715367044],
                    [-106.74131367355585,52.12116032631998],
                    [-106.74153730273247,52.12060121400155],
                    [-106.74172170460226,52.1180287129054]
                ]
            ]
        },
        "properties":{"text":"Fairhaven"},
        "id":"eb80862e-55be-4e7c-98fe-e6f3ed9b5562"
    },
        {
            "type":"Feature",
            "geometry":{"type":"Polygon",
                "coordinates":[
                [
                    [-106.59891553223133,52.1510268158064],
                    [-106.59892458468676,52.142813119996845],
                    [-106.59848000854254,52.14260345269511],
                    [-106.5906834974885,52.13720690633626],
                    [-106.59034855663776,52.13699885891609],
                    [-106.58911742269994,52.136594079400275],
                    [-106.58548001199959,52.13409535390082],
                    [-106.58537741750479,52.13396549536777],
                    [-106.58522419631483,52.13392454148881],
                    [-106.5850917622447,52.13395746923364],
                    [-106.5808179974556,52.13635145686996],
                    [-106.58045656979085,52.136624124167895],
                    [-106.5800492092967,52.13710524926127],
                    [-106.57987084239723,52.13757896102103],
                    [-106.57983966171743,52.14085879316832],
                    [-106.58011760562658,52.14142567612049],
                    [-106.58143691718577,52.14262567459524],
                    [-106.5818962454796,52.1432443854553],
                    [-106.58272571861744,52.14526115446127],
                    [-106.58277567476034,52.146235968845374],
                    [-106.58376909792423,52.14627773437116],
                    [-106.58452916890384,52.14642257608815],
                    [-106.58490903675556,52.146549517944166],
                    [-106.58574789762497,52.1469756037648],
                    [-106.58650260418653,52.14767531383581],
                    [-106.58871475607157,52.150015487422074],
                    [-106.58911842852832,52.15032098672134],
                    [-106.5895613282919,52.150546046817],
                    [-106.59013532102108,52.15075032798467],
                    [-106.59134902060033,52.1509498766594],
                    [-106.59891553223133,52.1510268158064]
                ]
            ]
        },
        "properties":{"text":"Forest Grove"},
        "id":"ebb35a61-dccc-4e4e-ae7d-71beea780aac"
    },
        {
            "type":"Feature",
            "geometry":{"type":"Polygon",
                "coordinates":[
                [
                    [-106.70088674873115,52.11199419892383],
                    [-106.70104902237654,52.112069146379106],
                    [-106.70290008187294,52.11206708738476],
                    [-106.70288532972337,52.11165631611207],
                    [-106.70348446816206,52.11165322759192],
                    [-106.70350961387157,52.10779364564193],
                    [-106.70368932187559,52.10779652851028],
                    [-106.70370575040579,52.107033797416236],
                    [-106.7059413716197,52.10505463059188],
                    [-106.7060137912631,52.102893735628854],
                    [-106.70597456395626,52.10179667016376],
                    [-106.7018463090062,52.10041330360812],
                    [-106.6995483264327,52.09938023012123],
                    [-106.69756080955268,52.098343219413735],
                    [-106.69729962944984,52.09847482945688],
                    [-106.69142659753561,52.10052060512452],
                    [-106.6883259639144,52.10292524471325],
                    [-106.68709214776754,52.10436207649591],
                    [-106.6865074262023,52.10570310518544],
                    [-106.68625026941301,52.10655296535945],
                    [-106.68678369373085,52.10642817469348],
                    [-106.68938510119916,52.10643476430831],
                    [-106.68939616531134,52.10748105924029],
                    [-106.69184535741806,52.107421754063076],
                    [-106.69327598065138,52.10743266786897],
                    [-106.6936706006527,52.10770489438964],
                    [-106.69383388012649,52.10770510030924],
                    [-106.69409606605768,52.110917947807835],
                    [-106.69407427310944,52.11318140122193],
                    [-106.70089211314917,52.11317872459606],
                    [-106.70088674873115,52.11199419892383]
                ]
            ]
        },
        "properties":{"text":"Gordie Howe Management Area"},
        "id":"6c27113f-2002-4607-9b0d-f8c69e148d80"
    },
        {
            "type":"Feature",
            "geometry":{"type":"Polygon",
                "coordinates":[
                [
                    [-106.62270069122314,52.11478755366562],
                    [-106.60443015396595,52.114742670304274],
                    [-106.60421323031187,52.11818311656715],
                    [-106.60422630608082,52.121841297534615],
                    [-106.60735543817282,52.121798479820406],
                    [-106.62268560379742,52.12181659501222],
                    [-106.62270069122314,52.11478755366562]
                ]
            ]
        },
        "properties":{"text":"Greystone Heights"},
        "id":"577b0a3c-989c-4c8b-af52-e5206085c8f2"
    },
        {
            "type":"Feature",
            "geometry":{"type":"Polygon",
                "coordinates":[
                [
                    [-106.62268560379742,52.12181659501222],
                    [-106.6346573084593,52.121783040730705],
                    [-106.63466300815345,52.1161789154527],
                    [-106.63468647748232,52.11599732852691],
                    [-106.63518503308296,52.11547294580317],
                    [-106.63529500365257,52.11522629643692],
                    [-106.63529433310032,52.11478158294584],
                    [-106.62270069122314,52.11478755366562],
                    [-106.62268560379742,52.12181659501222]
                ]
            ]
        },
        "properties":{"text":"Grosvenor Park"},
        "id":"88cf15db-6ff7-4068-be8c-6f151ca5f073"
    },
        {
            "type":"Feature",
            "geometry":{"type":"Polygon",
                "coordinates":[
                [
                    [-106.73162754625082,52.1589722268405],
                    [-106.73160508275032,52.156406054858046],
                    [-106.73147097229958,52.15612425235014],
                    [-106.73193030059339,52.15595702125929],
                    [-106.7322716116905,52.15566287402773],
                    [-106.73235911875963,52.15510193192648],
                    [-106.73267059028149,52.15485879311024],
                    [-106.73285700380804,52.15461524156019],
                    [-106.73347022384405,52.15359494355645],
                    [-106.73349905759096,52.151181722295306],
                    [-106.73366703093052,52.15118233945156],
                    [-106.73366468399763,52.150761436903466],
                    [-106.71740546822548,52.15079826089228],
                    [-106.71440474689008,52.15050778256655],
                    [-106.71439871191978,52.151007066733214],
                    [-106.71362187713385,52.15092601315361],
                    [-106.7110687494278,52.15102311285585],
                    [-106.70756109058857,52.15087602318197],
                    [-106.70748129487038,52.15082706175614],
                    [-106.70748632401227,52.15041849918769],
                    [-106.70642483979464,52.1503833206643],
                    [-106.70514140278101,52.15043084252261],
                    [-106.70513704419136,52.15087067445739],
                    [-106.69957883656025,52.151061170944075],
                    [-106.69677559286356,52.15094185358559],
                    [-106.69470861554147,52.15103010731777],
                    [-106.69472537934782,52.15159089501061],
                    [-106.69586967676878,52.152917748986546],
                    [-106.69753767549992,52.15294366853088],
                    [-106.69994495809078,52.15418573186351],
                    [-106.70419055968523,52.15572005804734],
                    [-106.70430053025484,52.15609216377625],
                    [-106.70470353215931,52.15651712980891],
                    [-106.70526511967182,52.15664013470886],
                    [-106.70524299144745,52.15826796352718],
                    [-106.7087248340249,52.15827351704901],
                    [-106.71180669218302,52.158547901301226],
                    [-106.71180736273527,52.15867933363845],
                    [-106.71441681683062,52.158939317588086],
                    [-106.73162754625082,52.1589722268405]
                ]
            ]
        },
        "properties":{"text":"Hampton Village"},
        "id":"8e08525c-e245-40c4-a4d6-94f7d6eda19b"
    },
        {
            "type":"Feature",
            "geometry":{"type":"Polygon",
                "coordinates":[
                [
                    [-106.65674161165953,52.10732414745376],
                    [-106.64654653519392,52.107303143471924],
                    [-106.63825549185275,52.10734576918943],
                    [-106.63823939859867,52.11476017070283],
                    [-106.6448326036334,52.114743287965545],
                    [-106.64856657385828,52.114621196760325],
                    [-106.65675602853298,52.114633755904784],
                    [-106.65674161165953,52.10732414745376]
                ]
            ]
        },
        "properties":{"text":"Haultain"},
        "id":"65f61807-e0ad-4090-8e29-3879de50d2dd"
    },
        {
            "type":"Feature",
            "geometry":{"type":"Polygon",
                "coordinates":[
                [
                    [-106.55203722417355,52.109487298682225],
                    [-106.55264742672443,52.10918460796645],
                    [-106.5526695549488,52.10893607058399],
                    [-106.55293308198452,52.108783282209735],
                    [-106.55330792069435,52.109006904908696],
                    [-106.55296660959719,52.10876516172092],
                    [-106.55328210443258,52.10859136938602],
                    [-106.55366230756043,52.108589104315556],
                    [-106.55366331338882,52.108108906782704],
                    [-106.55395768582822,52.1079093720675],
                    [-106.55455112457275,52.107868806077086],
                    [-106.55443411320448,52.108187773198985],
                    [-106.55459940433502,52.10786818832056],
                    [-106.55474156141281,52.10785562727019],
                    [-106.55508320778608,52.108018714730996],
                    [-106.55516937375069,52.108540920062396],
                    [-106.5557487308979,52.10821063001942],
                    [-106.55653830617666,52.10815791517268],
                    [-106.5565399825573,52.1085230053909],
                    [-106.55790589749813,52.10869041462672],
                    [-106.55825022608042,52.10796373455518],
                    [-106.55765578150748,52.10774463685162],
                    [-106.5574385225773,52.10751874269739],
                    [-106.5565161779523,52.10639625623272],
                    [-106.55665799975395,52.10598646235221],
                    [-106.55610110610723,52.105835723153355],
                    [-106.55581612139942,52.10540533110628],
                    [-106.55825324356556,52.10215542816233],
                    [-106.55880343168974,52.101959161945416],
                    [-106.55477643013002,52.1004831217067],
                    [-106.55369315296412,52.10020508438208],
                    [-106.55273091048002,52.100052472047146],
                    [-106.55107665807009,52.09997874012472],
                    [-106.54759280383587,52.09995896841529],
                    [-106.53848335146905,52.10008295336496],
                    [-106.55203722417355,52.109487298682225]
                ]
            ]
        },
        "properties":{"text":"Hillcrest Management Area"},
        "id":"2b0f5b55-a9da-4547-9c15-31398cdd12c8"
    },
        {
            "type":"Feature",
            "geometry":{"type":"Polygon",
                "coordinates":[
                [
                    [-106.69409606605768,52.110917947807835],
                    [-106.69383388012649,52.10770510030924],
                    [-106.6936706006527,52.10770489438964],
                    [-106.69327598065138,52.10743266786897],
                    [-106.69184535741806,52.107421754063076],
                    [-106.68939616531134,52.10748105924029],
                    [-106.68938510119916,52.10643476430831],
                    [-106.68678369373085,52.10642817469348],
                    [-106.68625026941301,52.10655296535945],
                    [-106.68570041656496,52.10740260341608],
                    [-106.68363343924284,52.110235780166704],
                    [-106.68026693165304,52.11399179379213],
                    [-106.68100018054247,52.11427077461442],
                    [-106.68147493153812,52.11455490088992],
                    [-106.6815647855401,52.11472640522182],
                    [-106.69681247323751,52.11474740570692],
                    [-106.696811132133,52.11317295955513],
                    [-106.69407427310944,52.11318140122193],
                    [-106.69409606605768,52.110917947807835]
                ]
            ]
        },
        "properties":{"text":"Holiday Park"},
        "id":"c8a6dfb7-dfa3-4c1a-a636-205f6fe70ad8"
    },
        {
            "type":"Feature",
            "geometry":{"type":"Polygon",
                "coordinates":[
                [
                    [-106.67027302086353,52.172958101449716],
                    [-106.64634235203266,52.17295481155978],
                    [-106.64071541279556,52.17307304182729],
                    [-106.64048608392477,52.17409042599569],
                    [-106.64130784571172,52.17699995871836],
                    [-106.64131723344326,52.17751703828541],
                    [-106.63861759006977,52.187482443936496],
                    [-106.64649222046137,52.18742242301098],
                    [-106.67068272829056,52.1874438003362],
                    [-106.67075078934431,52.18279111209389],
                    [-106.67034678161144,52.182565598310774],
                    [-106.67027302086353,52.172958101449716]
                ]
            ]
        },
        "properties":{"text":"Hudson Bay Industrial"},
        "id":"427bfd28-9336-4012-baf4-822a3f82b62a"
    },
        {
            "type":"Feature",
            "geometry":{"type":"Polygon",
                "coordinates":[
                [
                    [-106.68135423213243,52.14015630098015],
                    [-106.68137602508067,52.14386555675045],
                    [-106.68203819543123,52.14386349922484],
                    [-106.68198622763157,52.151575466243415],
                    [-106.68205965310337,52.151575260526485],
                    [-106.68205194175243,52.15216175563786],
                    [-106.68458729982376,52.15097744310701],
                    [-106.68618958443403,52.15095522537445],
                    [-106.68688058853151,52.15054542965194],
                    [-106.68893080204725,52.14952215820212],
                    [-106.69734220951797,52.145611744447145],
                    [-106.70103829354048,52.144132211263134],
                    [-106.70198142528534,52.143593345288465],
                    [-106.70590147376059,52.141670122876626],
                    [-106.70590851455927,52.140196014512995],
                    [-106.69143162667751,52.140195602973975],
                    [-106.69128142297268,52.1401573298286],
                    [-106.69068496674299,52.13977644850906],
                    [-106.69012606143951,52.14015033365867],
                    [-106.69013008475304,52.14180674909856],
                    [-106.68806847184898,52.14180366266743],
                    [-106.68807115405798,52.1401933395093],
                    [-106.68291460722685,52.140207126065064],
                    [-106.68273758143187,52.140153831743774],
                    [-106.68135423213243,52.14015630098015]
                ]
            ]
        },
        "properties":{"text":"Husdson Bay Park"},
        "id":"1ba17b0a-4e5a-40e4-aaec-6cce3613a15a"
    },
        {
            "type":"Feature",
            "geometry":{"type":"Polygon",
                "coordinates":[
                [
                    [-106.67007420212032,52.15500175560383],
                    [-106.6702388226986,52.15306030629364],
                    [-106.67022909969091,52.14386288196713],
                    [-106.66148141026497,52.143866997018264],
                    [-106.65805522352457,52.14369560481587],
                    [-106.65788255631925,52.14394045061739],
                    [-106.65656860917808,52.14500047338094],
                    [-106.6502707824111,52.15077933460015],
                    [-106.64888810366392,52.152153732782466],
                    [-106.64815049618484,52.153267661561756],
                    [-106.64785746484996,52.153962541519995],
                    [-106.64672993123531,52.1579886410544],
                    [-106.64747390896083,52.15799316617468],
                    [-106.64792720228434,52.15676704743499],
                    [-106.64819173514843,52.15630732133567],
                    [-106.6488217189908,52.15572314351391],
                    [-106.6497266292572,52.1553008439975],
                    [-106.65072977542876,52.155063260190026],
                    [-106.65147341787814,52.15501080645129],
                    [-106.67007420212032,52.15500175560383]
                ]
            ]
        },
        "properties":{"text":"Kelsey-Woodlawn"},
        "id":"7aff9f79-69d0-4af8-9d26-598fd1678b1b"
    },
        {
            "type":"Feature",
            "geometry":{"type":"Polygon",
                "coordinates":[
                [
                    [-106.7535562813282,52.129321209043376],
                    [-106.75354521721601,52.13232360633755],
                    [-106.75298262387514,52.13232113666697],
                    [-106.75293199717999,52.13694103349617],
                    [-106.75337187945844,52.13695420370519],
                    [-106.75335947424173,52.13963076208642],
                    [-106.75351403653622,52.13968158777105],
                    [-106.75349861383438,52.143724616027356],
                    [-106.74944680184126,52.1437713219806],
                    [-106.74944311380386,52.14383222482407],
                    [-106.7438356205821,52.143850536811385],
                    [-106.74490179866552,52.143883457219104],
                    [-106.74616813659667,52.144073366345935],
                    [-106.74741335213184,52.144443306176626],
                    [-106.74796119332314,52.144678271925955],
                    [-106.74872595816849,52.145130093998354],
                    [-106.74911487847567,52.145451057712926],
                    [-106.749625839293,52.146023437262464],
                    [-106.7518725246191,52.14932424894708],
                    [-106.75235599279404,52.14978240136173],
                    [-106.75280626863241,52.150106211675215],
                    [-106.7534801736474,52.15047178122566],
                    [-106.75416681915522,52.150747447894176],
                    [-106.75476495176554,52.15092745319312],
                    [-106.75555285066368,52.15108914876117],
                    [-106.75675984472036,52.151199208385705],
                    [-106.76535900682211,52.15121628303207],
                    [-106.76535163074733,52.13688279643157],
                    [-106.7647347226739,52.133368882123904],
                    [-106.76454730331899,52.129295481567674],
                    [-106.76238711923361,52.129271400636966],
                    [-106.7598470672965,52.12917878155139],
                    [-106.75672464072704,52.129212947725364],
                    [-106.7535562813282,52.129321209043376]
                ]
            ]
        },
        "properties":{"text":"Kensington"},
        "id":"09a444d1-2ada-4b09-8ca7-eb4ce21f3393"
    },
        {
            "type":"Feature",
            "geometry":{"type":"Polygon",
                "coordinates":[
                [
                    [-106.67969595640898,52.11464734448332],
                    [-106.67950015515088,52.11479764212134],
                    [-106.6782458871603,52.11654970459917],
                    [-106.67776744812727,52.11780595894695],
                    [-106.67758572846651,52.11800030257338],
                    [-106.67750995606185,52.118211732653734],
                    [-106.67700368911028,52.1186228552652],
                    [-106.67668618261813,52.11901297561896],
                    [-106.67643707245588,52.11917108147075],
                    [-106.67581077665092,52.11988255086373],
                    [-106.67552746832371,52.12002994877386],
                    [-106.67545001953842,52.120177552058514],
                    [-106.67520124465227,52.12036200401168],
                    [-106.67495246976614,52.12043055571489],
                    [-106.67494375258684,52.12055695407442],
                    [-106.67475499212742,52.12063085783517],
                    [-106.6747808083892,52.1206835579351],
                    [-106.67466044425964,52.1207257591421],
                    [-106.67463462799789,52.120804603241275],
                    [-106.67424872517587,52.120994404913176],
                    [-106.67388796806335,52.12127375362598],
                    [-106.67341891676189,52.12150163665134],
                    [-106.67756494134665,52.12148166862794],
                    [-106.68954268097878,52.121539514114446],
                    [-106.68955743312836,52.11998651173089],
                    [-106.69407863169907,52.11999309934203],
                    [-106.6940638795495,52.11475008223862],
                    [-106.6815647855401,52.11472640522182],
                    [-106.68147493153812,52.11455490088992],
                    [-106.68100018054247,52.11427077461442],
                    [-106.68026693165304,52.11399179379213],
                    [-106.67969595640898,52.11464734448332]
                ]
            ]
        },
        "properties":{"text":"King George"},
        "id":"3975d4c6-995a-4e3e-aa28-bae26173bbbb"
    },
        {
            "type":"Feature",
            "geometry":{"type":"Polygon",
                "coordinates":[
                [
                    [-106.58547330647708,52.09696551288418],
                    [-106.58575862646103,52.09663946249013],
                    [-106.58587630838157,52.09634863094266],
                    [-106.58590614795685,52.093693572567354],
                    [-106.58671550452709,52.09367750579053],
                    [-106.58722545951605,52.093553091066454],
                    [-106.58703435212375,52.09310177580269],
                    [-106.5869854018092,52.09248236855346],
                    [-106.58694449812174,52.0896993585716],
                    [-106.58192373812199,52.0895397061763],
                    [-106.57957009971142,52.08928735122513],
                    [-106.57465729862452,52.08921854562754],
                    [-106.57403334975243,52.088973605079254],
                    [-106.5735113248229,52.090431486239694],
                    [-106.5722993016243,52.09284037751682],
                    [-106.57182119786738,52.095395794191546],
                    [-106.57125223428012,52.099085709173934],
                    [-106.5712844207883,52.09993672523172],
                    [-106.57148692756893,52.10058033138459],
                    [-106.57255645841359,52.1027017974576],
                    [-106.57379262149334,52.102412241099714],
                    [-106.5797333791852,52.10052740156506],
                    [-106.58073015511036,52.10038035107531],
                    [-106.58150665462017,52.10038199870251],
                    [-106.58203471451998,52.10043781203867],
                    [-106.58233176916839,52.09983498312097],
                    [-106.58268179744482,52.09937714075076],
                    [-106.58353608101606,52.09867090504515],
                    [-106.58385291695595,52.098220877335216],
                    [-106.58547330647708,52.09696551288418]
                ]
            ]
        },
        "properties":{"text":"Lakeridge"},
        "id":"7f4efcf9-c312-4161-b7a4-ec075c53bce9"
    },
        {
            "type":"Feature",
            "geometry":{"type":"Polygon",
                "coordinates":[
                [
                    [-106.5990037098527,52.089409717804195],
                    [-106.59901309758425,52.08987137051305],
                    [-106.58694449812174,52.0896993585716],
                    [-106.5869854018092,52.09248236855346],
                    [-106.58703435212375,52.09310177580269],
                    [-106.58722545951605,52.093553091066454],
                    [-106.58671550452709,52.09367750579053],
                    [-106.58590614795685,52.093693572567354],
                    [-106.58589441329241,52.09607860080415],
                    [-106.58587630838157,52.09634863094266],
                    [-106.58575862646103,52.09663946249013],
                    [-106.58547330647708,52.09696551288418],
                    [-106.58385291695595,52.098220877335216],
                    [-106.58353608101606,52.09867090504515],
                    [-106.58268179744482,52.09937714075076],
                    [-106.58233176916839,52.09983498312097],
                    [-106.58203471451998,52.10043781203867],
                    [-106.59283429384232,52.10270303311371],
                    [-106.59811824560165,52.10458572136725],
                    [-106.59860003739595,52.10470598665384],
                    [-106.59957803785801,52.104815337172326],
                    [-106.60447642207146,52.1048054523907],
                    [-106.60480968654154,52.09963623521092],
                    [-106.60467255860567,52.089457922728045],
                    [-106.5990037098527,52.089409717804195]
                ]
            ]
        },
        "properties":{"text":"Lakeview"},
        "id":"966b80c7-fdb7-4490-9564-ae2a7091db26"
    },
        {
            "type":"Feature",
            "geometry":{"type":"Polygon",
                "coordinates":[
                [
                    [-106.60422630608082,52.121841297534615],
                    [-106.60421323031187,52.11818311656715],
                    [-106.60443015396595,52.114742670304274],
                    [-106.60447642207146,52.1048054523907],
                    [-106.60480968654154,52.09963623521092],
                    [-106.60467255860567,52.089457922728045],
                    [-106.5990037098527,52.089409717804195],
                    [-106.59901309758425,52.08987137051305],
                    [-106.58845290541649,52.089747151177534],
                    [-106.58192373812199,52.0895397061763],
                    [-106.57957009971142,52.08928735122513],
                    [-106.57465729862452,52.08921854562754],
                    [-106.57331217080355,52.088690551837445],
                    [-106.56783912330866,52.08696870893895],
                    [-106.5664004534483,52.086670397745685],
                    [-106.5649436786771,52.08655564629291],
                    [-106.54263574630022,52.086604884385096],
                    [-106.53620548546314,52.08740937355153],
                    [-106.53146199882032,52.08739289248494],
                    [-106.53043203055859,52.08736631675223],
                    [-106.52858667075633,52.08723467393589],
                    [-106.51858873665333,52.08623899667805],
                    [-106.5276113525033,52.09238987900449],
                    [-106.5276113525033,52.09252871625087],
                    [-106.53182845562696,52.095470357593896],
                    [-106.5762636065483,52.12625665346034],
                    [-106.57763320952655,52.12607284340678],
                    [-106.58028557896614,52.125853834693544],
                    [-106.58234048634769,52.12585712806563],
                    [-106.583570279181,52.12593040553146],
                    [-106.58535864204168,52.12611133448863],
                    [-106.60768266767263,52.12933870371837],
                    [-106.60587351769209,52.1270945953967],
                    [-106.60464473068716,52.12458175152429],
                    [-106.60431750118732,52.123425524042226],
                    [-106.60422630608082,52.121841297534615]
                ]
            ]
        },
        "properties":{"text":"Lakewood Sector"},
        "id":"f43fbe57-5ca5-4f97-afc8-919eb22f18cd"
    },
        {
            "type":"Feature",
            "geometry":{"type":"Polygon",
                "coordinates":[
                [
                    [-106.55477643013002,52.1004831217067],
                    [-106.56082212924959,52.10268305666915],
                    [-106.56141187995674,52.102849252177734],
                    [-106.56196810305119,52.102930599195965],
                    [-106.56269900500774,52.10298970440474],
                    [-106.56991012394427,52.10297302315167],
                    [-106.57108627259731,52.1029157713961],
                    [-106.57255645841359,52.1027017974576],
                    [-106.57148692756893,52.10058033138459],
                    [-106.57122742384674,52.09954417240737],
                    [-106.57134275883438,52.09826268788127],
                    [-106.57221548259258,52.09332300530666],
                    [-106.56932339072229,52.09331600178238],
                    [-106.5692389011383,52.09291350327512],
                    [-106.5682950988412,52.092923390692405],
                    [-106.5678334236145,52.09305851850889],
                    [-106.56728692352772,52.093142561212716],
                    [-106.56687721610069,52.09333124474556],
                    [-106.56728524714708,52.094262085560906],
                    [-106.56575102359056,52.09466601376018],
                    [-106.56519580632448,52.09381695698112],
                    [-106.56528566032648,52.093300140855675],
                    [-106.56500536948442,52.093257295726794],
                    [-106.56493093818426,52.09368801099143],
                    [-106.56290821731092,52.0933625545996],
                    [-106.56177330762146,52.09385444600087],
                    [-106.56028803437948,52.09395105217574],
                    [-106.5601073205471,52.094103685386045],
                    [-106.5594729781151,52.09444932249351],
                    [-106.5594458207488,52.095302692751766],
                    [-106.5583347156644,52.09641433596939],
                    [-106.55808661133051,52.09805466457979],
                    [-106.55705664306879,52.099100126328494],
                    [-106.55589591711761,52.0992640696442],
                    [-106.55502788722517,52.100149270754706],
                    [-106.55477643013002,52.1004831217067]
                ]
            ]
        },
        "properties":{"text":"Lakewood Urban Centre"},
        "id":"2dbed738-5f37-4eea-a914-9975b5272fc9"
    },
        {
            "type":"Feature",
            "geometry":{"type":"Polygon",
                "coordinates":[
                [
                    [-106.60568308085203,52.176782639587366],
                    [-106.61525085568428,52.17674624829513],
                    [-106.6159250959754,52.17672651063267],
                    [-106.61699730902912,52.17662021494563],
                    [-106.61841619759798,52.176328877108496],
                    [-106.62804700434208,52.17332451142095],
                    [-106.62910010665655,52.173167008963624],
                    [-106.63022194057703,52.1731151934119],
                    [-106.63021791726351,52.17049246631305],
                    [-106.63066852837801,52.16910300601351],
                    [-106.6173929348588,52.16772357879538],
                    [-106.61739595234394,52.16580880206853],
                    [-106.61038063466549,52.16577754308167],
                    [-106.61016270518303,52.167119808883186],
                    [-106.60974226891994,52.16832281644532],
                    [-106.60926282405853,52.168977979190885],
                    [-106.6090914979577,52.16910814691151],
                    [-106.60881590098143,52.16959221120742],
                    [-106.60877734422684,52.16986467498785],
                    [-106.60832069814205,52.17064668817874],
                    [-106.60780202597381,52.1708718511426],
                    [-106.60735812038185,52.17124568083453],
                    [-106.60741578787564,52.17138694569243],
                    [-106.60734102129936,52.173992142930075],
                    [-106.60718847066164,52.17453639809881],
                    [-106.60669662058353,52.17545156244268],
                    [-106.60636134445667,52.17588682946311],
                    [-106.60619504749776,52.17628467254165],
                    [-106.60568308085203,52.176782639587366]
                ]
            ]
        },
        "properties":{"text":"Lawson Heights"},
        "id":"a7e80f2b-ac66-4846-a43e-681fbf194ca5"
    },
        {
            "type":"Feature",
            "geometry":{"type":"Polygon",
                "coordinates":[
                [
                    [-106.65805522352457,52.14369560481587],
                    [-106.65517587214708,52.143868231533574],
                    [-106.64707761257887,52.14388530899132],
                    [-106.64300769567491,52.14385712089488],
                    [-106.64223857223988,52.1436939587891],
                    [-106.6417970135808,52.143996415183025],
                    [-106.64126928895712,52.14488813520734],
                    [-106.64117943495513,52.14563787398934],
                    [-106.64105605334045,52.14582736414747],
                    [-106.64082739502192,52.14606602595714],
                    [-106.64029933512211,52.14635715048456],
                    [-106.63951545953752,52.14814685585005],
                    [-106.63925360888243,52.14857416077072],
                    [-106.63888983428478,52.1490127766746],
                    [-106.63805566728115,52.14973611316394],
                    [-106.6374970972538,52.15032654123465],
                    [-106.63691069930792,52.15062422098985],
                    [-106.6366320848465,52.15089638947349],
                    [-106.63643561303616,52.15124220356697],
                    [-106.63628809154034,52.15185030321565],
                    [-106.63631457835436,52.15268838093262],
                    [-106.63623813539743,52.15298357637123],
                    [-106.63607552647589,52.153242359333774],
                    [-106.63577076047659,52.15437662557365],
                    [-106.63576941937208,52.154672632628234],
                    [-106.63562089204788,52.15532717355354],
                    [-106.63562122732401,52.15642683000881],
                    [-106.63555651903152,52.15671151030601],
                    [-106.63533288985492,52.15721751269856],
                    [-106.63501370698214,52.15760503259259],
                    [-106.6344179213047,52.15817190805868],
                    [-106.63407627493143,52.15828462409057],
                    [-106.6339458525181,52.15840104217419],
                    [-106.63137126713991,52.15968285507443],
                    [-106.63107622414827,52.15990128613313],
                    [-106.63063064217567,52.160118276377666],
                    [-106.6296861693263,52.160475125332425],
                    [-106.62900757044554,52.16061704141263],
                    [-106.62720579653978,52.16057240988254],
                    [-106.62563771009445,52.16045496909884],
                    [-106.62500001490116,52.16046340180993],
                    [-106.62449173629282,52.16039120952428],
                    [-106.62348322570323,52.16038565626669],
                    [-106.62278987467289,52.16017792279981],
                    [-106.62201907485723,52.1601639367494],
                    [-106.62091232836248,52.160030863373244],
                    [-106.61918498575687,52.160033125829614],
                    [-106.61702379584312,52.16024168267989],
                    [-106.61598276346922,52.16062794219426],
                    [-106.6150875762105,52.16109914135454],
                    [-106.61481231451035,52.16133381354063],
                    [-106.61387555301188,52.1617173898659],
                    [-106.61333408206703,52.162065382256344],
                    [-106.61275070160627,52.16257523144167],
                    [-106.61148268729448,52.163356755763864],
                    [-106.61110013723375,52.16383450716234],
                    [-106.61043193191288,52.16546289547756],
                    [-106.61016270518303,52.167119808883186],
                    [-106.60974226891994,52.16832281644532],
                    [-106.60926282405853,52.168977979190885],
                    [-106.6090914979577,52.16910814691151],
                    [-106.60881590098143,52.16959221120742],
                    [-106.60877734422684,52.16986467498785],
                    [-106.60832069814205,52.17064668817874],
                    [-106.60780202597381,52.1708718511426],
                    [-106.60735812038185,52.17124568083453],
                    [-106.60741578787564,52.17138694569243],
                    [-106.60734102129936,52.173992142930075],
                    [-106.60718847066164,52.17453639809881],
                    [-106.60669662058353,52.17545156244268],
                    [-106.60636134445667,52.17588682946311],
                    [-106.60619504749776,52.17628467254165],
                    [-106.6051945835352,52.17725757406119],
                    [-106.60489384084941,52.17780919072315],
                    [-106.60462662577629,52.17807050207998],
                    [-106.60417802631855,52.17827856321121],
                    [-106.6039577499032,52.17874710838067],
                    [-106.60385649651289,52.17946091584256],
                    [-106.60385180264711,52.18059821443269],
                    [-106.60359095782043,52.181782972327504],
                    [-106.60340119153263,52.182201936938824],
                    [-106.60327982157469,52.18385144324861],
                    [-106.60346556454897,52.18432013527473],
                    [-106.60368215292691,52.18459127546765],
                    [-106.60396747291088,52.1847900557415],
                    [-106.60540010780096,52.18550541069764],
                    [-106.60645991563797,52.18593050698464],
                    [-106.60800486803055,52.1866703046136],
                    [-106.60858757793905,52.18715869997076],
                    [-106.60924069583416,52.18750012131687],
                    [-106.61452867090702,52.1875399981725],
                    [-106.61432448774576,52.18765798412344],
                    [-106.61432381719351,52.18791862096802],
                    [-106.61413572728632,52.18845140067899],
                    [-106.61458097398283,52.18904480945433],
                    [-106.61485992372036,52.18923966450532],
                    [-106.6150976344943,52.18950152532801],
                    [-106.61569140851498,52.18966821928694],
                    [-106.6170734167099,52.18937162282068],
                    [-106.61869548261166,52.18912209383833],
                    [-106.6199866309762,52.18902199409185],
                    [-106.62149202078581,52.188991368046395],
                    [-106.62256591022015,52.189028571494845],
                    [-106.62258334457874,52.18764256785841],
                    [-106.62325825542212,52.18764256785841],
                    [-106.62325054407121,52.18904912587293],
                    [-106.62362571805716,52.189109144602504],
                    [-106.62571549415587,52.189227126389554],
                    [-106.62701569497585,52.18869579479163],
                    [-106.62847381085157,52.18929886080735],
                    [-106.6329051554203,52.18952475152748],
                    [-106.63401961326598,52.18945733385308],
                    [-106.63406252861023,52.189767700957255],
                    [-106.63682084530593,52.18962156148475],
                    [-106.63798358291389,52.189805931457315],
                    [-106.64131723344326,52.17751703828541],
                    [-106.64130784571172,52.17699995871836],
                    [-106.64048608392477,52.17409042599569],
                    [-106.64071541279556,52.17307304182729],
                    [-106.6430774331093,52.17302883402492],
                    [-106.64622500538825,52.16145454274591],
                    [-106.64792720228434,52.15676704743499],
                    [-106.64819173514843,52.15630732133567],
                    [-106.64846632629633,52.15601029666883],
                    [-106.6488217189908,52.15572314351391],
                    [-106.6497266292572,52.1553008439975],
                    [-106.65072977542876,52.155063260190026],
                    [-106.65147341787814,52.15501080645129],
                    [-106.67007420212032,52.15500175560383],
                    [-106.67008325457573,52.15488717994404],
                    [-106.67431041598321,52.154880597491434],
                    [-106.6753725707531,52.15477507241521],
                    [-106.6763150319457,52.15462676092031],
                    [-106.67726118117571,52.15434330151514],
                    [-106.68011102825403,52.153104739646686],
                    [-106.68205194175243,52.15216175563786],
                    [-106.68205965310337,52.151575260526485],
                    [-106.68198622763157,52.151575466243415],
                    [-106.68203819543123,52.14386349922484],
                    [-106.67022909969091,52.14386288196713],
                    [-106.6701751202345,52.13327956437945],
                    [-106.66893124580385,52.13335900367251],
                    [-106.66830327361824,52.13344893865973],
                    [-106.66601903736591,52.13392021972049],
                    [-106.66443653404713,52.133944298138644],
                    [-106.66068881750107,52.14193041192902],
                    [-106.65984861552714,52.14280921060573],
                    [-106.65928401052952,52.14313636372626],
                    [-106.65833618491888,52.14355877863452],
                    [-106.65809713304043,52.143553634784965],
                    [-106.65805522352457,52.14369560481587]
                ]
            ]
        },
        "properties":{"text":"Lawson Sector"},
        "id":"3958ed90-dfd5-4530-8cc0-177e1c7c733a"
    },
        {
            "type":"Feature",
            "geometry":{"type":"Polygon",
                "coordinates":[
                [
                    [-106.61739528179169,52.166268018733184],
                    [-106.6173929348588,52.16772357879538],
                    [-106.63066852837801,52.16910300601351],
                    [-106.63021791726351,52.17049246631305],
                    [-106.63022194057703,52.1731151934119],
                    [-106.64071541279556,52.17307304182729],
                    [-106.6430774331093,52.17302883402492],
                    [-106.64458584040403,52.16749942811524],
                    [-106.63955602794886,52.167181502369885],
                    [-106.63855724036694,52.167154974181074],
                    [-106.63782365620136,52.16721790148692],
                    [-106.63725469261408,52.16733326798318],
                    [-106.63641683757305,52.16760430609698],
                    [-106.63590084761381,52.16786115328667],
                    [-106.63491949439049,52.167216256329745],
                    [-106.6348145529628,52.16685452591557],
                    [-106.63468781858683,52.16670563772765],
                    [-106.63449134677649,52.1666371572198],
                    [-106.6341108083725,52.166639830635],
                    [-106.63410678505898,52.16643027552595],
                    [-106.63310464471579,52.16643726756707],
                    [-106.63309291005135,52.165807156859245],
                    [-106.62625595927238,52.16585898092262],
                    [-106.62625193595886,52.166057639273106],
                    [-106.62569101899862,52.16649361515267],
                    [-106.62518709897994,52.166341024080715],
                    [-106.62481594830751,52.16630359600203],
                    [-106.61739528179169,52.166268018733184]
                ]
            ]
        },
        "properties":{"text":"Lawson Heights Urban Centre"},
        "id":"0f553627-c694-41c5-aacf-181b6431f103"
    },
        {
            "type":"Feature",
            "geometry":{"type":"Polygon",
                "coordinates":[
                [
                    [-106.6701265051961,52.20210930589274],
                    [-106.67012851685286,52.20205403083718],
                    [-106.67119234800339,52.20205053761577],
                    [-106.67103409767151,52.198873236279134],
                    [-106.67094089090826,52.19143069732105],
                    [-106.67068272829056,52.1874438003362],
                    [-106.64649222046137,52.18742242301098],
                    [-106.63861759006977,52.187482443936496],
                    [-106.63798358291389,52.189805931457315],
                    [-106.63682084530593,52.18962156148475],
                    [-106.63406252861023,52.189767700957255],
                    [-106.63401961326598,52.18945733385308],
                    [-106.6329051554203,52.18952475152748],
                    [-106.62847381085157,52.18929886080735],
                    [-106.62701569497585,52.18869579479163],
                    [-106.62571549415587,52.189227126389554],
                    [-106.62362571805716,52.189109144602504],
                    [-106.62325054407121,52.18904912587293],
                    [-106.62325825542212,52.18764256785841],
                    [-106.62258334457874,52.18764256785841],
                    [-106.62256591022015,52.189028571494845],
                    [-106.62149202078581,52.188991368046395],
                    [-106.6199866309762,52.18902199409185],
                    [-106.61869548261166,52.18912209383833],
                    [-106.6170734167099,52.18937162282068],
                    [-106.61569140851498,52.18966821928694],
                    [-106.6150976344943,52.18950152532801],
                    [-106.61485992372036,52.18923966450532],
                    [-106.61458097398283,52.18904480945433],
                    [-106.61413572728632,52.18845140067899],
                    [-106.61432381719351,52.18791862096802],
                    [-106.61432448774576,52.18765798412344],
                    [-106.61452867090702,52.1875399981725],
                    [-106.60924069583416,52.18750012131687],
                    [-106.61133415997028,52.188242564948105],
                    [-106.61221828311682,52.188733615123],
                    [-106.6129307448864,52.18925343587428],
                    [-106.61357849836351,52.19005792307055],
                    [-106.61460310220718,52.191716181356526],
                    [-106.61480896174906,52.19220102729242],
                    [-106.61487702280283,52.19262770378412],
                    [-106.61485388875009,52.193101852480204],
                    [-106.6146383062005,52.193634570079816],
                    [-106.61436807364227,52.193886951034905],
                    [-106.61433689296246,52.1939829294097],
                    [-106.61438751965761,52.19465189498116],
                    [-106.61495681852102,52.19509560576238],
                    [-106.61574438214302,52.195514444946525],
                    [-106.61613766103983,52.19557157775801],
                    [-106.6169111430645,52.195948488062584],
                    [-106.61833070218563,52.19931526095208],
                    [-106.61795485764742,52.19986639852855],
                    [-106.61757465451954,52.2006026764313],
                    [-106.61619666963817,52.201923548556046],
                    [-106.6121757030487,52.20468722522745],
                    [-106.61167882382868,52.205637109495186],
                    [-106.61144044250248,52.20596585553927],
                    [-106.61090366542341,52.2063069269892],
                    [-106.61074474453925,52.20658697345732],
                    [-106.61080442368984,52.20711069465378],
                    [-106.61064550280571,52.20735416435163],
                    [-106.61034744232893,52.207573388668074],
                    [-106.61018852144481,52.208170034937886],
                    [-106.60965174436569,52.20834056253036],
                    [-106.60935368388891,52.208669288572494],
                    [-106.60929400473833,52.20947301350242],
                    [-106.62273086607456,52.20952067771436],
                    [-106.64652407169342,52.20936905603519],
                    [-106.64650462567806,52.202038825047765],
                    [-106.6701265051961,52.20210930589274]
                ]
            ]
        },
        "properties":{"text":"Marquis Industrial"},
        "id":"af4f3aaa-b364-4213-93df-7929307060c7"
    },
        {
            "type":"Feature",
            "geometry":{"type":"Polygon",
                "coordinates":[
                [
                    [-106.72587990760803,52.13600511554853],
                    [-106.72286611050367,52.136081668942275],
                    [-106.72122962772846,52.13593267780745],
                    [-106.71813234686852,52.13585694731586],
                    [-106.71773940324785,52.135716187038305],
                    [-106.71731159090996,52.136153694864696],
                    [-106.7166554555297,52.13594049779653],
                    [-106.71591214835644,52.136704792210836],
                    [-106.71482753008604,52.137513933988274],
                    [-106.71411272138356,52.13793002304547],
                    [-106.70819040387867,52.1407266909138],
                    [-106.70617707073689,52.141537611501946],
                    [-106.70355085283518,52.14279995152018],
                    [-106.70152209699154,52.1438558863793],
                    [-106.72590371221304,52.143894362098784],
                    [-106.72598082572222,52.14272608452428],
                    [-106.72637779265642,52.14038779128199],
                    [-106.72619707882404,52.136991450681435],
                    [-106.72609213739635,52.136495919299094],
                    [-106.72587990760803,52.13600511554853]
                ]
            ]
        },
        "properties":{"text":"Massey Place"},
        "id":"156a596f-d1a5-435b-b2a8-873ff5204b7d"
    },
        {
            "type":"Feature",
            "geometry":{"type":"Polygon",
                "coordinates":[
                [
                    [-106.67022909969091,52.14386288196713],
                    [-106.6702388226986,52.15306030629364],
                    [-106.67008325457573,52.15488717994404],
                    [-106.67431041598321,52.154880597491434],
                    [-106.6753725707531,52.15477507241521],
                    [-106.6763150319457,52.15462676092031],
                    [-106.67726118117571,52.15434330151514],
                    [-106.67817581444979,52.153972826813856],
                    [-106.68011102825403,52.153104739646686],
                    [-106.68205194175243,52.15216175563786],
                    [-106.68205965310337,52.151575260526485],
                    [-106.68198622763157,52.151575466243415],
                    [-106.68203819543123,52.14386349922484],
                    [-106.67022909969091,52.14386288196713]
                ]
            ]
        },
        "properties":{"text":"Mayfair"},
        "id":"4398355b-7754-4ffb-91df-10ab576d3198"
    },
        {
            "type":"Feature",
            "geometry":{"type":"Polygon",
                "coordinates":[
                [
                    [-106.70579854398966,52.11711607340517],
                    [-106.70578379184008,52.12932429633946],
                    [-106.71988517045975,52.12938048509084],
                    [-106.71990897506475,52.128764051507076],
                    [-106.71974200755358,52.12814740356988],
                    [-106.71848438680172,52.1259481073731],
                    [-106.71830266714097,52.12556772206498],
                    [-106.71820711344482,52.125079062147854],
                    [-106.71820141375065,52.121474463668825],
                    [-106.71881530433892,52.11934442083569],
                    [-106.71885386109352,52.118793726341686],
                    [-106.71877641230823,52.11821008568521],
                    [-106.71842470765115,52.117403063793525],
                    [-106.7175305262208,52.116374501450146],
                    [-106.71101342886688,52.11604571060323],
                    [-106.7094885930419,52.116060945799354],
                    [-106.70843750238417,52.116202385817715],
                    [-106.70768614858389,52.116377177884154],
                    [-106.70685634016989,52.1166503791876],
                    [-106.70579854398966,52.11711607340517]
                ]
            ]
        },
        "properties":{"text":"Meadowgreen"},
        "id":"0c39a20f-32a3-4bff-89d6-09c2c6938a25"
    },
        {
            "type":"Feature",
            "geometry":{"type":"Polygon",
                "coordinates":[
                [
                    [-106.74163788557054,52.10615470481812],
                    [-106.72886285930872,52.105781975856736],
                    [-106.72837100923063,52.105790007066076],
                    [-106.72770213335754,52.10599058090245],
                    [-106.72698330134152,52.10606821550246],
                    [-106.7215099185705,52.10591109281647],
                    [-106.72062411904335,52.10574696800419],
                    [-106.7196112498641,52.105941981985886],
                    [-106.71909626573324,52.106126492845476],
                    [-106.718175932765,52.10674776989244],
                    [-106.71785540878773,52.10685176139306],
                    [-106.7178463563323,52.1132859953999],
                    [-106.71812027692796,52.11433151190522],
                    [-106.71808440238237,52.11510750072101],
                    [-106.71833485364914,52.116791199702874],
                    [-106.7292883247137,52.11737979993561],
                    [-106.72933090478183,52.1164101185973],
                    [-106.7300882935524,52.11637244265463],
                    [-106.73090066760778,52.11623182669668],
                    [-106.73503864556551,52.114849937345035],
                    [-106.73561297357082,52.11475955304181],
                    [-106.74422319978476,52.11476655319942],
                    [-106.74421045929193,52.11134952206614],
                    [-106.74410350620748,52.110773814252866],
                    [-106.74365725368261,52.109900149032875],
                    [-106.74203585833313,52.10803704144121],
                    [-106.74168985337018,52.107172177244394],
                    [-106.74163788557054,52.10615470481812]
                ]
            ]
        },
        "properties":{"text":"Montgomery Place"},
        "id":"c78cee3d-528e-497c-aeec-a5bd944ae424"
    },
        {
            "type":"Feature",
            "geometry":{"type":"Polygon",
                "coordinates":[
                [
                    [-106.71988517045975,52.12938048509084],
                    [-106.694062538445,52.129273870476595],
                    [-106.69412422925234,52.1333746445529],
                    [-106.69274691492319,52.13337217494054],
                    [-106.69276066124439,52.137084259309994],
                    [-106.69138468801977,52.137084259309994],
                    [-106.69137094169854,52.13932066242222],
                    [-106.69131461530924,52.1393998851695],
                    [-106.69068496674299,52.13977644850906],
                    [-106.69128142297268,52.1401573298286],
                    [-106.69143162667751,52.140195602973975],
                    [-106.70590851455927,52.140196014512995],
                    [-106.70590147376059,52.141670122876626],
                    [-106.70819040387867,52.1407266909138],
                    [-106.71253524720669,52.13870930500195],
                    [-106.71411272138356,52.13793002304547],
                    [-106.71482753008604,52.137513933988274],
                    [-106.71539448201656,52.13710566082885],
                    [-106.71638052910566,52.13625844092691],
                    [-106.71719122678041,52.13525665514133],
                    [-106.71834491193296,52.13300173154098],
                    [-106.71969473361969,52.12996562600847],
                    [-106.71988517045975,52.12938048509084]
                ]
            ]
        },
        "properties":{"text":"Mount Royal"},
        "id":"a91e68f0-5255-4371-9259-35c1ca8f28ac"
    },
        {
            "type":"Feature",
            "geometry":{"type":"Polygon",
                "coordinates":[
                [
                    [-106.64650462567806,52.202038825047765],
                    [-106.64652407169342,52.20936905603519],
                    [-106.62273086607456,52.20952067771436],
                    [-106.6075998544693,52.20948061512584],
                    [-106.6051945835352,52.21217191897092],
                    [-106.6003143042326,52.2165501781176],
                    [-106.6225716099143,52.216599067234604],
                    [-106.6225877031684,52.2169178722577],
                    [-106.60684648901224,52.21694765740393],
                    [-106.60570487380028,52.221202003581986],
                    [-106.59925885498524,52.22115845980863],
                    [-106.59939900040628,52.23114262773373],
                    [-106.61064583808184,52.231126815851944],
                    [-106.61071624606848,52.22399960152595],
                    [-106.62303127348423,52.22399426159057],
                    [-106.63464792072773,52.22392443160737],
                    [-106.63478840142488,52.22908683051832],
                    [-106.63856729865074,52.227191741032556],
                    [-106.64518162608148,52.223676739663624],
                    [-106.64556551724674,52.223365582403225],
                    [-106.64614152163267,52.222701156796155],
                    [-106.64633329957724,52.22234788781947],
                    [-106.6465036198497,52.2218060663354],
                    [-106.64654284715654,52.22128395613399],
                    [-106.6464975848794,52.22307763162969],
                    [-106.6652512550354,52.21340883683629],
                    [-106.66693367063998,52.21227628075229],
                    [-106.66757438331842,52.211740088678965],
                    [-106.66899796575308,52.21011257256873],
                    [-106.66964069008827,52.209046293257835],
                    [-106.66999809443949,52.207958826361796],
                    [-106.67020730674267,52.20671271641834],
                    [-106.6701265051961,52.20210930589274],
                    [-106.64650462567806,52.202038825047765]
                ]
            ]
        },
        "properties":{"text":"North Development Area"},
        "id":"debc17f1-dd4d-470e-988d-0e4d4d7f5503"
    },
        {
            "type":"Feature",
            "geometry":{"type":"Polygon",
                "coordinates":[
                [
                    [-106.64353542029859,52.15020063876279],
                    [-106.64354782551527,52.15115744747611],
                    [-106.64305899292229,52.15166721590033],
                    [-106.64485741406679,52.152378577900365],
                    [-106.64815049618484,52.153267661561756],
                    [-106.64859373122454,52.15254890812114],
                    [-106.64922438561916,52.15176719401079],
                    [-106.65656860917808,52.14500047338094],
                    [-106.65788255631925,52.14394045061739],
                    [-106.65805522352457,52.14369560481587],
                    [-106.65517587214708,52.143868231533574],
                    [-106.64707761257887,52.14388530899132],
                    [-106.64300769567491,52.14385712089488],
                    [-106.64223857223988,52.1436939587891],
                    [-106.6417970135808,52.143996415183025],
                    [-106.64126928895712,52.14488813520734],
                    [-106.64117943495513,52.14563787398934],
                    [-106.64105605334045,52.14582736414747],
                    [-106.64082739502192,52.14606602595714],
                    [-106.64029933512211,52.14635715048456],
                    [-106.63951545953752,52.14814685585005],
                    [-106.63925360888243,52.14857416077072],
                    [-106.63888983428478,52.1490127766746],
                    [-106.63805566728115,52.14973611316394],
                    [-106.63767479360105,52.15016772302514],
                    [-106.6374970972538,52.15032654123465],
                    [-106.63691069930792,52.15062422098985],
                    [-106.63656402379274,52.15101611839285],
                    [-106.64141345769168,52.15101982134399],
                    [-106.64143357425928,52.14980153380277],
                    [-106.6427907720208,52.149788161667416],
                    [-106.64278876036406,52.150197758636686],
                    [-106.64353542029859,52.15020063876279]
                ]
            ]
        },
        "properties":{"text":"North Park"},
        "id":"ac5ad3df-17ca-4181-98ee-61a183546650"
    },
        {
            "type":"Feature",
            "geometry":{"type":"Polygon",
                "coordinates":[
                [
                    [-106.6037542372942,52.07184111818853],
                    [-106.60315174609423,52.07183596605925],
                    [-106.60391919314863,52.07523665425204],
                    [-106.60402983427049,52.07638382834799],
                    [-106.60380218178034,52.077962870323354],
                    [-106.60400535911322,52.07922721757437],
                    [-106.60402782261372,52.08560321844828],
                    [-106.59892626106739,52.085570873040204],
                    [-106.5990037098527,52.089409717804195],
                    [-106.60467255860567,52.089457922728045],
                    [-106.60465512424707,52.076400107416205],
                    [-106.6044834628701,52.07505490059431],
                    [-106.6037542372942,52.07184111818853]
                ]
            ]
        },
        "properties":{"text":"South East Development Area"},
        "id":"3800a960-d941-460b-86eb-eaa691e8d6ff"
    },
        {
            "type":"Feature",
            "geometry":{"type":"Polygon",
                "coordinates":[
                [
                    [-106.5990037098527,52.089409717804195],
                    [-106.60467255860567,52.089457922728045],
                    [-106.60480968654154,52.09963623521092],
                    [-106.60447642207146,52.1048054523907],
                    [-106.60443015396595,52.114742670304274],
                    [-106.60421323031187,52.11818311656715],
                    [-106.60422630608082,52.121841297534615],
                    [-106.60735543817282,52.121798479820406],
                    [-106.6346573084593,52.121783040730705],
                    [-106.63466300815345,52.1161789154527],
                    [-106.63468647748232,52.11599732852691],
                    [-106.63518503308296,52.11547294580317],
                    [-106.63529500365257,52.11522629643692],
                    [-106.63529433310032,52.11478158294584],
                    [-106.6448326036334,52.114743287965545],
                    [-106.64856657385828,52.114621196760325],
                    [-106.67045272886755,52.11461604956896],
                    [-106.67167514562607,52.11481267185727],
                    [-106.67229641228913,52.11482111321356],
                    [-106.67335420846939,52.11471425787789],
                    [-106.67484853416683,52.11471631674996],
                    [-106.6748696565628,52.114634167679974],
                    [-106.67698491364717,52.114617490782585],
                    [-106.67746368795633,52.11393640919978],
                    [-106.67777180671692,52.1136874865207],
                    [-106.67808327823877,52.11321310893172],
                    [-106.6785017028451,52.112806466138515],
                    [-106.67875852435827,52.11235905183299],
                    [-106.67917024344206,52.11183318500872],
                    [-106.67946998029949,52.111609988287434],
                    [-106.67951356619596,52.11153730498113],
                    [-106.6793891787529,52.11139461474618],
                    [-106.67953804135323,52.11110820338697],
                    [-106.6802578791976,52.11022939702146],
                    [-106.68041177093984,52.10967961947076],
                    [-106.68082080781458,52.10938393106338],
                    [-106.68106354773046,52.10912283409853],
                    [-106.68104309588671,52.10861299050723],
                    [-106.68111819773912,52.10837330434882],
                    [-106.68106153607368,52.108034158588424],
                    [-106.68089389801025,52.10792502188137],
                    [-106.68094687163831,52.10784471356783],
                    [-106.6817853972316,52.10753562817055],
                    [-106.68195370584726,52.10737583368065],
                    [-106.68203484266996,52.107085483979674],
                    [-106.6820328310132,52.10673809146322],
                    [-106.68291930109262,52.1052498535321],
                    [-106.68300077319144,52.10499758744061],
                    [-106.68380174785851,52.10377536376352],
                    [-106.68375413864851,52.10322262347192],
                    [-106.68385807424784,52.10301750647934],
                    [-106.6838825494051,52.10266761095844],
                    [-106.68402303010225,52.1023980309598],
                    [-106.68484780937433,52.10132134226296],
                    [-106.68580938130617,52.10031341616797],
                    [-106.68676290661097,52.09971243917749],
                    [-106.68719742447139,52.09955261665457],
                    [-106.68753270059824,52.099580626828825],
                    [-106.68753437697889,52.09945931793248],
                    [-106.68820090591908,52.0993367729569],
                    [-106.68847750872374,52.099600192748944],
                    [-106.68854758143425,52.099581450657205],
                    [-106.68832965195179,52.09931308775472],
                    [-106.68865386396646,52.09901547696858],
                    [-106.68910179287195,52.098738666261255],
                    [-106.69041339308023,52.0982904929025],
                    [-106.69117346405984,52.09793046802745],
                    [-106.69206731021406,52.09729032508903],
                    [-106.69294908642769,52.096831014810775],
                    [-106.69416680932044,52.09607818885759],
                    [-106.69537011533976,52.095487247629066],
                    [-106.69581536203623,52.095180136356696],
                    [-106.69617176055908,52.09472574785966],
                    [-106.69711656868456,52.09396711885407],
                    [-106.69714305549859,52.093785029494434],
                    [-106.6976848617196,52.09298209718734],
                    [-106.69830545783043,52.092428399174004],
                    [-106.69856831431389,52.09155313855851],
                    [-106.70032985508442,52.09176242813777],
                    [-106.70072816312313,52.09190394523984],
                    [-106.70099437236786,52.09185965682094],
                    [-106.70097291469574,52.09166561123005],
                    [-106.7014319077134,52.09171319573648],
                    [-106.701491586864,52.09149587214432],
                    [-106.7014030739665,52.09148660239411],
                    [-106.7013430595398,52.09128843527323],
                    [-106.70042037963869,52.091235700423354],
                    [-106.70002341270448,52.091314802674816],
                    [-106.69917583465576,52.091235700423354],
                    [-106.69914364814758,52.09106101578793],
                    [-106.70052498579024,52.08956154253765],
                    [-106.70123778283596,52.089035612864095],
                    [-106.69406857341528,52.08804182988348],
                    [-106.69421341270208,52.092976947497895],
                    [-106.68805807828903,52.09296788404302],
                    [-106.68699156492949,52.09249740581169],
                    [-106.68364416807891,52.09136382952065],
                    [-106.67051576077938,52.087797088887314],
                    [-106.67051073163748,52.085554597316445],
                    [-106.67028810828924,52.085553979250854],
                    [-106.6703162714839,52.08340450142134],
                    [-106.6701778024435,52.07197610376455],
                    [-106.64672054350376,52.07195817440619],
                    [-106.64673697203398,52.08165546334365],
                    [-106.60375725477932,52.06979670659421],
                    [-106.60430610179901,52.071846064232126],
                    [-106.60315174609423,52.07183596605925],
                    [-106.60391919314863,52.07523665425204],
                    [-106.60402983427049,52.07638382834799],
                    [-106.60380218178034,52.077962870323354],
                    [-106.60400535911322,52.07922721757437],
                    [-106.60402782261372,52.08560321844828],
                    [-106.59892626106739,52.085570873040204]
                    ,[-106.5990037098527,52.089409717804195]
                ]
            ]
        },
        "properties":{"text":"Nutana Sector"},
        "id":"b014a2e3-563b-4d0a-b579-2348ac2d4357"
    },
        {"type":"Feature",
            "geometry":{"type":"Polygon",
                "coordinates":[
                [
                    [-106.72823321074247,52.129468369918854],
                    [-106.72823052853346,52.13252364920078],
                    [-106.72815944999456,52.13276835061764],
                    [-106.7278701066971,52.13311204167537],
                    [-106.72825433313847,52.13328800223853],
                    [-106.72869320958853,52.13358559010063],
                    [-106.73192426562308,52.13639673004631],
                    [-106.73267092555761,52.136768174142084],
                    [-106.73318792134522,52.136902757554154],
                    [-106.73397716134787,52.13695708468789],
                    [-106.75293199717999,52.13694103349617],
                    [-106.75298262387514,52.13232113666697],
                    [-106.75354521721601,52.13232360633755],
                    [-106.7535562813282,52.129321209043376],
                    [-106.74334410578012,52.12958753899893],
                    [-106.72823321074247,52.129468369918854]
                ]
            ]
        },
        "properties":{"text":"Pacific Heights"},
        "id":"1c4bc975-2246-4d64-9186-324510551b9a"
    },
        {
            "type":"Feature",
            "geometry":{"type":"Polygon",
                "coordinates":[
                [
                    [-106.7282084003091,52.12664403118009],
                    [-106.72823321074247,52.129468369918854],
                    [-106.73554826527835,52.129535672702715],
                    [-106.73663020133971,52.12915120160871],
                    [-106.73754952847959,52.128522827095246],
                    [-106.7417746782303,52.12638509363007],
                    [-106.75065748393536,52.12629493854966],
                    [-106.75531513988973,52.124068997053115],
                    [-106.75585962831974,52.12447800721776],
                    [-106.76073387265204,52.12445165941891],
                    [-106.76067419350149,52.122998801211786],
                    [-106.76301408559083,52.12296380687656],
                    [-106.76390323787928,52.12281662451868],
                    [-106.76386334002018,52.12220174694997],
                    [-106.76399946212769,52.12150348935408],
                    [-106.76420766860247,52.12094788093386],
                    [-106.76454260945322,52.120515370288864],
                    [-106.76545154303312,52.119723624079306],
                    [-106.76550351083279,52.118815548383814],
                    [-106.74174584448338,52.11761779068776],
                    [-106.74153730273247,52.12060121400155],
                    [-106.74131367355585,52.12116032631998],
                    [-106.74096398055555,52.12159715367044],
                    [-106.7407202348113,52.12179930323838],
                    [-106.74019988626242,52.12212146435138],
                    [-106.73176400363445,52.126302142729465],
                    [-106.73107668757439,52.126514356760445],
                    [-106.73045877367258,52.126619125487494],
                    [-106.7282084003091,52.12664403118009]
                ]
            ]
        },
        "properties":{"text":"Parkridge"},
        "id":"e75cc17a-1387-4453-aa77-63270ccfe8c6"
    },
        {
            "type":"Feature",
            "geometry":{"type":"Polygon",
                "coordinates":[
                [
                    [-106.67881350964306,52.129306390019195],
                    [-106.694062538445,52.129273870476595],
                    [-106.70578379184008,52.12932429633946],
                    [-106.70579854398966,52.11711607340517],
                    [-106.68663013726473,52.126192844905056],
                    [-106.68508786708115,52.1268467753498],
                    [-106.67881350964306,52.129306390019195]
                ]
            ]
        },
        "properties":{"text":"Pleasant Hill"},
        "id":"76d94c75-8e30-488b-9c36-6e66bd1cdb09"
    },
        {
            "type":"Feature",
            "geometry":{"type":"Polygon",
                "coordinates":[
                [
                    [-106.64655290544033,52.100201789114514],
                    [-106.64654653519392,52.107303143471924],
                    [-106.66497498750687,52.10733032509359],
                    [-106.66498672217129,52.10021291064158],
                    [-106.64655290544033,52.100201789114514]
                ]
            ]
        },
        "properties":{"text":"Queen Elizabeth"},
        "id":"7fc3a9e4-607f-4592-83f8-7471f5a25ff1"
    },
        {
            "type":"Feature",
            "geometry":{"type":"Polygon",
                "coordinates":[
                [
                    [-106.64815049618484,52.153267661561756],
                    [-106.64485741406679,52.152378577900365],
                    [-106.64305899292229,52.15166721590033],
                    [-106.64354782551527,52.15115744747611],
                    [-106.64353542029859,52.15020063876279],
                    [-106.64278876036406,52.150197758636686],
                    [-106.6427907720208,52.149788161667416],
                    [-106.64143357425928,52.14980153380277],
                    [-106.64141345769168,52.15101982134399],
                    [-106.63656402379274,52.15101611839285],
                    [-106.63634542375804,52.15149276796015],
                    [-106.63628809154034,52.15185030321565],
                    [-106.63631457835436,52.15268838093262],
                    [-106.63623813539743,52.15298357637123],
                    [-106.63607552647589,52.153242359333774],
                    [-106.63591895252466,52.153887664508886],
                    [-106.63764394819735,52.154425583095865],
                    [-106.63837887346743,52.15480736764055],
                    [-106.63889922201635,52.15527142892821],
                    [-106.63962878286839,52.15645295320442],
                    [-106.64005257189275,52.156976236665436],
                    [-106.64050854742527,52.157315215749996],
                    [-106.64120055735111,52.15764102816523],
                    [-106.64186574518679,52.15782203403208],
                    [-106.64323903620244,52.157960256198365],
                    [-106.64672993123531,52.1579886410544],
                    [-106.64763987064363,52.15466399311733],
                    [-106.64815049618484,52.153267661561756]
                ]
            ]
        },
        "properties":{"text":"Richmond Heights"},
        "id":"df5bfb82-f321-40c1-aca6-cbcbc7dfbe09"
    },
        {
            "type":"Feature",
            "geometry":{"type":"Polygon",
                "coordinates":[
                [
                    [-106.63955602794886,52.167181502369885],
                    [-106.64458584040403,52.16749942811524],
                    [-106.64622500538825,52.16145454274591],
                    [-106.64747390896083,52.15799316617468],
                    [-106.64323903620244,52.157960256198365],
                    [-106.64186574518679,52.15782203403208],
                    [-106.64120055735111,52.15764102816523],
                    [-106.64050854742527,52.157315215749996],
                    [-106.64005257189275,52.156976236665436],
                    [-106.63962878286839,52.15645295320442],
                    [-106.63889922201635,52.15527142892821],
                    [-106.63837887346743,52.15480736764055],
                    [-106.63764394819735,52.154425583095865],
                    [-106.63591895252466,52.153887664508886],
                    [-106.63577076047659,52.15437662557365],
                    [-106.63576941937208,52.154672632628234],
                    [-106.63562089204788,52.15532717355354],
                    [-106.63562122732401,52.15642683000881],
                    [-106.63555651903152,52.15671151030601],
                    [-106.63533288985492,52.15721751269856],
                    [-106.63501370698214,52.15760503259259],
                    [-106.6344179213047,52.15817190805868],
                    [-106.63407627493143,52.15828462409057],
                    [-106.6339458525181,52.15840104217419],
                    [-106.63137126713991,52.15968285507443],
                    [-106.63107622414827,52.15990128613313],
                    [-106.63063064217567,52.160118276377666],
                    [-106.6296861693263,52.160475125332425],
                    [-106.62900757044554,52.16061704141263],
                    [-106.62845369428396,52.16062465139254],
                    [-106.62563771009445,52.16045496909884],
                    [-106.62500001490116,52.16046340180993],
                    [-106.62449173629282,52.16039120952428],
                    [-106.62348322570323,52.16038565626669],
                    [-106.62278987467289,52.16017792279981],
                    [-106.62201907485723,52.1601639367494],
                    [-106.62091232836248,52.160030863373244],
                    [-106.61918498575687,52.160033125829614],
                    [-106.61702379584312,52.16024168267989],
                    [-106.61598276346922,52.16062794219426],
                    [-106.6150875762105,52.16109914135454],
                    [-106.61481231451035,52.16133381354063],
                    [-106.61387555301188,52.1617173898659],
                    [-106.61333408206703,52.162065382256344],
                    [-106.61275070160627,52.16257523144167],
                    [-106.61148268729448,52.163356755763864],
                    [-106.61110013723375,52.16383450716234],
                    [-106.61043193191288,52.16546289547756],
                    [-106.61038063466549,52.16577754308167],
                    [-106.61739595234394,52.16580880206853],
                    [-106.61739528179169,52.166268018733184],
                    [-106.62481594830751,52.16630359600203],
                    [-106.62518709897994,52.166341024080715],
                    [-106.62569101899862,52.16649361515267],
                    [-106.62625193595886,52.166057639273106],
                    [-106.62625595927238,52.16585898092262],
                    [-106.63309291005135,52.165807156859245],
                    [-106.63310464471579,52.16643726756707],
                    [-106.63410678505898,52.16643027552595],
                    [-106.6341108083725,52.166639830635],
                    [-106.63449134677649,52.1666371572198],
                    [-106.63468781858683,52.16670563772765],
                    [-106.6348145529628,52.16685452591557],
                    [-106.63491949439049,52.167216256329745],
                    [-106.63590084761381,52.16786115328667],
                    [-106.63641683757305,52.16760430609698],
                    [-106.63725469261408,52.16733326798318],
                    [-106.63782365620136,52.16721790148692],
                    [-106.63855724036694,52.167154974181074],
                    [-106.63955602794886,52.167181502369885]
                ]
            ]
        },
        "properties":{"text":"River Heights"},
        "id":"dae366a1-5dad-4e2a-83f8-263169e44e81"
    },
        {
            "type":"Feature",
            "geometry":{"type":"Polygon",
                "coordinates":[
                [
                    [-106.68513748794794,52.12202409577492],
                    [-106.68224170804024,52.12202327236112],
                    [-106.68227691203356,52.12152880961726],
                    [-106.67693428695202,52.121481874483884],
                    [-106.67341891676189,52.12150163665134],
                    [-106.67300384491682,52.12162165045916],
                    [-106.67194806039333,52.12204900403566],
                    [-106.67103074491024,52.12233555095961],
                    [-106.67023412883282,52.12237672134329],
                    [-106.6699417680502,52.122187337263455],
                    [-106.66953407227993,52.122162634932835],
                    [-106.66942946612835,52.12208194055741],
                    [-106.66875723749399,52.122054356222115],
                    [-106.668736115098,52.12306343773521],
                    [-106.66882697492838,52.12347101620136],
                    [-106.66899997740984,52.123899998803054],
                    [-106.6697821766138,52.12519350867469],
                    [-106.67017243802547,52.12609404438111],
                    [-106.67022708803414,52.12926440275722],
                    [-106.67082320898771,52.12930494928046],
                    [-106.67881350964306,52.129306390019195],
                    [-106.68508786708115,52.1268467753498],
                    [-106.68663013726473,52.126192844905056],
                    [-106.68583150953053,52.12619387407604],
                    [-106.6858472675085,52.124609334295286],
                    [-106.68727587908505,52.124607275880145],
                    [-106.68741401284933,52.12434832649495],
                    [-106.68741267174481,52.12339444113754],
                    [-106.68733790516855,52.12307002489157],
                    [-106.68516598641872,52.12306714301079],
                    [-106.68513748794794,52.12202409577492]
                ]
            ]
        },
        "properties":{"text":"Riversdale"},
        "id":"02e1b7ec-8d88-45d9-8895-8dc7dfbf9772"
    },
        {
            "type":"Feature",
            "geometry":{"type":"Polygon"
                ,"coordinates":[
                [
                    [-106.57403334975243,52.088973605079254],
                    [-106.57331217080355,52.088690551837445],
                    [-106.56783912330866,52.08696870893895],
                    [-106.5664004534483,52.086670397745685],
                    [-106.5649436786771,52.08655564629291],
                    [-106.54263574630022,52.086604884385096],
                    [-106.53620548546314,52.08740937355153],
                    [-106.53146199882032,52.08739289248494],
                    [-106.53043203055859,52.08736631675223],
                    [-106.52858667075633,52.08723467393589],
                    [-106.51858873665333,52.08623899667805],
                    [-106.5276113525033,52.09238987900449],
                    [-106.5276113525033,52.09252871625087],
                    [-106.53848335146905,52.10008295336496],
                    [-106.54759280383587,52.09995896841529],
                    [-106.55107665807009,52.09997874012472],
                    [-106.55273091048002,52.100052472047146],
                    [-106.55322041362524,52.1001165239814],
                    [-106.55424602329732,52.10032803887938],
                    [-106.55477643013002,52.1004831217067],
                    [-106.55502788722517,52.100149270754706],
                    [-106.55589591711761,52.0992640696442],
                    [-106.55705664306879,52.099100126328494],
                    [-106.55808661133051,52.09805466457979],
                    [-106.5583347156644,52.09641433596939],
                    [-106.5594458207488,52.095302692751766],
                    [-106.5594729781151,52.09444932249351],
                    [-106.5601073205471,52.094103685386045],
                    [-106.56028803437948,52.09395105217574],
                    [-106.56177330762146,52.09385444600087],
                    [-106.56290821731092,52.0933625545996],
                    [-106.56493093818426,52.09368801099143],
                    [-106.56500536948442,52.093257295726794],
                    [-106.56528566032648,52.093300140855675],
                    [-106.56519580632448,52.09381695698112],
                    [-106.56575102359056,52.09466601376018],
                    [-106.56728524714708,52.094262085560906],
                    [-106.56687721610069,52.09333124474556],
                    [-106.56728692352772,52.093142561212716],
                    [-106.5678334236145,52.09305851850889],
                    [-106.5682950988412,52.092923390692405],
                    [-106.5692389011383,52.09291350327512],
                    [-106.56932339072229,52.09331600178238],
                    [-106.57221548259258,52.09332300530666],
                    [-106.57238580286503,52.09260225449865],
                    [-106.5735113248229,52.090431486239694],
                    [-106.57403334975243,52.088973605079254]
                ]
            ]
        },
        "properties":{"text":"Rosewood"},
        "id":"d63194f6-52af-4aee-89b6-22c12aeb8d6b"
    },
        {
            "type":"Feature",
            "geometry":{"type":"MultiPolygon",
                "coordinates":[
                [
                    [
                        [-106.68699156492949,52.09249740581169],
                        [-106.68364416807891,52.09136382952065],
                        [-106.67040847241879,52.08776680518587],
                        [-106.67042657732964,52.09248113261422],
                        [-106.6817669570446,52.092582891498374],
                        [-106.68349865823986,52.092711222715735],
                        [-106.68469090014696,52.09287704340499],
                        [-106.68805807828903,52.09296788404302],
                        [-106.68699156492949,52.09249740581169]
                    ]
                ],
                [
                    [
                        [-106.6703162714839,52.08340450142134],
                        [-106.66900869458914,52.08337359664319],
                        [-106.6587445512414,52.083371124259976],
                        [-106.6661896929145,52.08552493015914],
                        [-106.66667819023132,52.08559147521365],
                        [-106.67028810828924,52.085553979250854],
                        [-106.6703162714839,52.08340450142134]
                    ]
                ]
            ]
        },
        "properties":{"text":"South Development Area"},
        "id":"1025ae33-063a-4a7a-bfaa-0f6cab70f79c"
    },
        {
            "type":"Feature",
            "geometry":{"type":"Polygon",
                "coordinates":[
                [
                    [-106.58697098493576,52.15116814485569],
                    [-106.58699713647366,52.16573086021166],
                    [-106.58649925142528,52.16591203882976],
                    [-106.58371143043041,52.16592191006131],
                    [-106.58370338380337,52.16547667421007],
                    [-106.58350557088852,52.165474000724984],
                    [-106.58357430249453,52.170272853453696],
                    [-106.58438097685575,52.17015214817137],
                    [-106.58845961093904,52.170098889688866],
                    [-106.58929444849493,52.170011290656184],
                    [-106.5902017056942,52.1697873571337],
                    [-106.59286681562662,52.168870019891976],
                    [-106.59375127404928,52.16868803076655],
                    [-106.59441310912369,52.168649165195845],
                    [-106.59887831658126,52.16867199101132],
                    [-106.59891553223133,52.1510268158064],
                    [-106.59203566610813,52.15096263128653],
                    [-106.59088231623174,52.150901532474926],
                    [-106.59013532102108,52.15075032798467],
                    [-106.5895613282919,52.150546046817],
                    [-106.58911842852832,52.15032098672134],
                    [-106.58871475607157,52.150015487422074],
                    [-106.58788327127695,52.14916172405694],
                    [-106.58729050308466,52.149401602357294],
                    [-106.58712957054377,52.14949870538416],
                    [-106.58703535795212,52.14964970839926],
                    [-106.58697098493576,52.15116814485569]
                ]
            ]
        },
        "properties":{"text":"Silverspring"},
        "id":"7f6b8532-8473-4fc1-8b59-899c644ed34f"
    },
        {
            "type":"Feature",
            "geometry":{"type":"Polygon",
                "coordinates":[
                [
                    [-106.63022194057703,52.1731151934119],
                    [-106.62910010665655,52.173167008963624],
                    [-106.62804700434208,52.17332451142095],
                    [-106.61841619759798,52.176328877108496],
                    [-106.61699730902912,52.17662021494563],
                    [-106.6159250959754,52.17672651063267],
                    [-106.61525085568428,52.17674624829513],
                    [-106.60568308085203,52.176782639587366],
                    [-106.6051945835352,52.17725757406119],
                    [-106.60489384084941,52.17780919072315],
                    [-106.60462662577629,52.17807050207998],
                    [-106.60417802631855,52.17827856321121],
                    [-106.6039577499032,52.17874710838067],
                    [-106.60385649651289,52.17946091584256],
                    [-106.60385180264711,52.18059821443269],
                    [-106.60359095782043,52.181782972327504],
                    [-106.60340119153263,52.182201936938824],
                    [-106.60327982157469,52.18385144324861],
                    [-106.60346556454897,52.18432013527473],
                    [-106.60368215292691,52.18459127546765],
                    [-106.60396747291088,52.1847900557415],
                    [-106.60540010780096,52.18550541069764],
                    [-106.60645991563797,52.18593050698464],
                    [-106.60800486803055,52.1866703046136],
                    [-106.60858757793905,52.18715869997076],
                    [-106.60924069583416,52.18750012131687],
                    [-106.61452867090702,52.1875399981725],
                    [-106.61432448774576,52.18765798412344],
                    [-106.61432381719351,52.18791862096802],
                    [-106.61413572728632,52.18845140067899],
                    [-106.61458097398283,52.18904480945433],
                    [-106.61485992372036,52.18923966450532],
                    [-106.6150976344943,52.18950152532801],
                    [-106.61569140851498,52.18966821928694],
                    [-106.6170734167099,52.18937162282068],
                    [-106.61869548261166,52.18912209383833],
                    [-106.6199866309762,52.18902199409185],
                    [-106.62149202078581,52.188991368046395],
                    [-106.62256591022015,52.189028571494845],
                    [-106.62258334457874,52.18764256785841],
                    [-106.62325825542212,52.18764256785841],
                    [-106.62325054407121,52.18904912587293],
                    [-106.62362571805716,52.189109144602504],
                    [-106.62571549415587,52.189227126389554],
                    [-106.62701569497585,52.18869579479163],
                    [-106.62847381085157,52.18929886080735],
                    [-106.6329051554203,52.18952475152748],
                    [-106.63401961326598,52.18945733385308],
                    [-106.63406252861023,52.189767700957255],
                    [-106.63682084530593,52.18962156148475],
                    [-106.63798358291389,52.189805931457315],
                    [-106.64131723344326,52.17751703828541],
                    [-106.64130784571172,52.17699995871836],
                    [-106.64048608392477,52.17409042599569],
                    [-106.64071541279556,52.17307304182729],
                    [-106.63022194057703,52.1731151934119]
                ]
            ]
        },
        "properties":{"text":"Silverwood Heights"},
        "id":"cd81a960-aac6-4855-8e9c-a8d64098c626"
    },
        {
            "type":"Feature",
            "geometry":{"type":"Polygon",
                "coordinates":[
                [
                    [-106.75472337752579,52.11828214050075],
                    [-106.78932320326565,52.12001574424787],
                    [-106.78927157074213,52.11478755366562],
                    [-106.80112693458797,52.11476161191183],
                    [-106.80120572447777,52.10786551137573],
                    [-106.79212812334298,52.10757784182547],
                    [-106.78943820297718,52.10904067472157],
                    [-106.78947575390339,52.10746582111203],
                    [-106.78737726062538,52.10744358167218],
                    [-106.77973598241806,52.10722633470904],
                    [-106.77882570773362,52.10715220280168],
                    [-106.74163788557054,52.10615470481812],
                    [-106.74168985337018,52.107172177244394],
                    [-106.74203585833313,52.10803704144121],
                    [-106.74365725368261,52.109900149032875],
                    [-106.74410350620748,52.110773814252866],
                    [-106.74421045929193,52.11134952206614],
                    [-106.74422319978476,52.11476655319942],
                    [-106.75467442721128,52.11470519883959],
                    [-106.75472337752579,52.11828214050075]
                ]
            ]
        },
        "properties":{"text":"South West Development Area"},
        "id":"632ae1da-88ec-415a-904e-a7650a514225"
    },
        {
            "type":"Feature",
            "geometry":{"type":"MultiPolygon",
                "coordinates":[
                [
                    [
                        [-106.68699156492949,52.09249740581169],
                        [-106.68364416807891,52.09136382952065],
                        [-106.67040847241879,52.08776680518587],
                        [-106.67042657732964,52.09248113261422],
                        [-106.6817669570446,52.092582891498374],
                        [-106.68349865823986,52.092711222715735],
                        [-106.68469090014696,52.09287704340499],
                        [-106.68805807828903,52.09296788404302],
                        [-106.68699156492949,52.09249740581169]
                    ]
                ],
                [
                    [
                        [-106.6703162714839,52.08340450142134],
                        [-106.66900869458914,52.08337359664319],
                        [-106.6587445512414,52.083371124259976],
                        [-106.6661896929145,52.08552493015914],
                        [-106.66667819023132,52.08559147521365],
                        [-106.67028810828924,52.085553979250854],
                        [-106.6703162714839,52.08340450142134]
                    ]
                ]
            ]
        },
        "properties":{"text":"South Development Area"},
        "id":"af723cf9-578b-47b1-809f-cb4c0adc9159"
    },
        {
            "type":"Feature",
            "geometry":{"type":"Polygon",
                "coordinates":[
                [
                    [-106.7178463563323,52.1132859953999],
                    [-106.71785708516836,52.10536538062904],
                    [-106.70597456395626,52.10179667016376],
                    [-106.7060137912631,52.102893735628854],
                    [-106.7059413716197,52.10505463059188],
                    [-106.70370575040579,52.107033797416236],
                    [-106.70368932187559,52.10779652851028],
                    [-106.70350961387157,52.10779364564193],
                    [-106.70348446816206,52.11165322759192],
                    [-106.70288532972337,52.11165631611207],
                    [-106.70290008187294,52.11206708738476],
                    [-106.70104902237654,52.112069146379106],
                    [-106.70088674873115,52.11199419892383],
                    [-106.70089211314917,52.11317872459606],
                    [-106.696811132133,52.11317295955513],
                    [-106.69681247323751,52.11474740570692],
                    [-106.70584447681904,52.114709110697284],
                    [-106.70579854398966,52.11711607340517],
                    [-106.70685634016989,52.1166503791876],
                    [-106.70768614858389,52.116377177884154],
                    [-106.70843750238417,52.116202385817715],
                    [-106.7094885930419,52.116060945799354],
                    [-106.71031069010498,52.116030887164136],
                    [-106.71143118292093,52.11606238696629],
                    [-106.71828120946884,52.11641485382281],
                    [-106.71808440238237,52.11510750072101],
                    [-106.71812027692796,52.11433151190522],
                    [-106.7178463563323,52.1132859953999]
                ]
            ]
        },
        "properties":{"text":"South West Industrial"},
        "id":"5d3852ec-01b1-48e6-a876-c879a3c9ed6e"
    },
        {
            "type":"Feature",
            "geometry":{"type":"Polygon",
                "coordinates":[
                [
                    [-106.60467255860567,52.089457922728045],
                    [-106.61104682832956,52.08951210170423],
                    [-106.61243923008443,52.089611807328794],
                    [-106.64647847414017,52.08978361360543],
                    [-106.64648450911045,52.081589324500456],
                    [-106.60375725477932,52.06979670659421],
                    [-106.60430610179901,52.071846064232126],
                    [-106.6037542372942,52.07184111818853],
                    [-106.6044834628701,52.07505490059431],
                    [-106.60465512424707,52.076400107416205],
                    [-106.60467255860567,52.089457922728045]
                ]
            ]
        },
        "properties":{"text":"Stonebridge"},
        "id":"624d3676-16f0-456b-9815-98a5ae9b1b6f"
    },
        {
            "type":"Feature",
            "geometry":{"type":"Polygon",
                "coordinates":[
                [
                    [-106.59894771873951,52.132696113417445],
                    [-106.59891553223133,52.1510268158064],
                    [-106.60763941705227,52.151039570411506],
                    [-106.60918604582547,52.15099986654811],
                    [-106.61286033689976,52.14979906510117],
                    [-106.61234367638826,52.149254713054034],
                    [-106.61206807941198,52.14884263865448],
                    [-106.61176666617393,52.148229766080675],
                    [-106.6116201505065,52.14764856828398],
                    [-106.61157991737127,52.14706098502991],
                    [-106.61196481436492,52.13627140555008],
                    [-106.6119185462594,52.13555505301674],
                    [-106.6117425262928,52.13469072264604],
                    [-106.61100156605244,52.13317275329324],
                    [-106.61045506596567,52.13246767021847],
                    [-106.60768266767263,52.12933870371837],
                    [-106.59895811229946,52.1280852443257],
                    [-106.59896347671747,52.129529703958426],
                    [-106.59694142639638,52.12953402615266],
                    [-106.59696355462073,52.13207684440778],
                    [-106.59709833562374,52.13215155229224],
                    [-106.59894771873951,52.132696113417445]
                ]
            ]
        },
        "properties":{"text":"Sutherland"},
        "id":"f853ec4d-0d01-4aa1-bdf0-2ade6d203a21"
    },
        {
            "type":"Feature",
            "geometry":{"type":"Polygon",
                "coordinates":[
                [
                    [-106.59013666212559,52.13692436494484],
                    [-106.5906834974885,52.13720690633626],
                    [-106.59848000854254,52.14260345269511],
                    [-106.59892458468676,52.142813119996845],
                    [-106.59894771873951,52.132696113417445],
                    [-106.59709833562374,52.13215155229224],
                    [-106.59696355462073,52.13207684440778],
                    [-106.59694142639638,52.12953402615266],
                    [-106.59896347671747,52.129529703958426],
                    [-106.59895811229946,52.1280852443257],
                    [-106.58535864204168,52.12611133448863],
                    [-106.583570279181,52.12593040553146],
                    [-106.58234048634769,52.12585712806563],
                    [-106.58028557896614,52.125853834693544],
                    [-106.57763320952655,52.12607284340678],
                    [-106.5762636065483,52.12625665346034],
                    [-106.57681111246349,52.12670948574382],
                    [-106.57816797494888,52.1289532018175],
                    [-106.5785900875926,52.12937410468674],
                    [-106.58537741750479,52.13396549536777],
                    [-106.58548001199959,52.13409535390082],
                    [-106.58911742269994,52.136594079400275],
                    [-106.59013666212559,52.13692436494484]
                ],
                [
                    [-106.5859279409051,52.131676959579465],
                    [-106.58362191170455,52.12985921861162],
                    [-106.58511623740196,52.13023812657784],
                    [-106.58697836101057,52.130789708732],
                    [-106.58705949783325,52.13087615009247],
                    [-106.58702161163093,52.130942627500836],
                    [-106.5859279409051,52.131676959579465]
                ],
                [
                    [-106.58814210444689,52.12743688942422],
                    [-106.58918682485819,52.12723085466916],
                    [-106.58892162144184,52.12808153946734],
                    [-106.58741656690836,52.13046740446673],
                    [-106.58730290830135,52.13056372552591],
                    [-106.58707559108734,52.130586982502585],
                    [-106.58614452928306,52.130311191024205],
                    [-106.58573850989342,52.130138305943376],
                    [-106.58480744808912,52.12953361451514],
                    [-106.58444501459597,52.12936422534956],
                    [-106.58440712839365,52.129188043468616],
                    [-106.58520273864269,52.12793540314221],
                    [-106.58538144081832,52.127848956076384],
                    [-106.58580355346203,52.12782569767053],
                    [-106.58625282347204,52.1278954728517],
                    [-106.5869565680623,52.1278654221971],
                    [-106.58814210444689,52.12743688942422]
                ],
                [
                    [-106.58050417900085,52.12804490251817],
                    [-106.57851230353117,52.12635339528925],
                    [-106.58005490899087,52.126173908154946],
                    [-106.58241491764782,52.1261640281082],
                    [-106.5845911949873,52.12667572931413],
                    [-106.58417411148548,52.127822404443926],
                    [-106.58355183899403,52.12853332408914],
                    [-106.58345963805914,52.12856666746516],
                    [-106.58326484262942,52.12856666746516],
                    [-106.58282361924648,52.12845716937139],
                    [-106.58080726861954,52.127838870574465],
                    [-106.58050417900085,52.12804490251817]
                ]
            ]
        },
        "properties":{"text":"Sutherland Industrial"},
        "id":"e3c10ed3-a4d4-4edd-bf20-523f300f4d6e"
    },
        {
            "type":"Feature",
            "geometry":{"type":"Polygon",
                "coordinates":[
                [
                    [-106.646718531847,52.08012126419889],
                    [-106.6587445512414,52.083371124259976],
                    [-106.6703162714839,52.08340450142134],
                    [-106.6701778024435,52.07197610376455],
                    [-106.64672054350376,52.07195817440619],
                    [-106.646718531847,52.08012126419889]
                ]
            ]
        },
        "properties":{"text":"The Willows"},
        "id":"aa64d9fc-981b-4583-829a-6e05fe09e401"
    },
        {
            "type":"Feature",
            "geometry":{"type":"Polygon",
                "coordinates":[
                [
                    [-106.61286033689976,52.14979906510117],
                    [-106.60918604582547,52.15099986654811],
                    [-106.60763941705227,52.151039570411506],
                    [-106.59891553223133,52.1510268158064],
                    [-106.59889675676823,52.17304857332816],
                    [-106.60361174494027,52.17308702382075],
                    [-106.6037243977189,52.17285919902669],
                    [-106.60373244434595,52.17228531389149],
                    [-106.60426922142506,52.17106925335151],
                    [-106.60429704934359,52.17076122327172],
                    [-106.60468764603138,52.16995906016495],
                    [-106.60486400127411,52.169744996763],
                    [-106.60607971251011,52.1687384120114],
                    [-106.6064478456974,52.16826235838],
                    [-106.60689108073711,52.167435884276635],
                    [-106.60673014819622,52.167149010477566],
                    [-106.60690113902093,52.16666759301407],
                    [-106.60686057060957,52.16643192071219],
                    [-106.60697557032107,52.16611398733942],
                    [-106.60683643072844,52.1657508084044],
                    [-106.60686291754246,52.16548901336989],
                    [-106.60735175013542,52.164463206201916],
                    [-106.60776011645795,52.16387173165772],
                    [-106.60796463489532,52.16345115474639],
                    [-106.60801995545627,52.163084457794774],
                    [-106.60844676196577,52.16245388827654],
                    [-106.60920314490795,52.16197056899648],
                    [-106.61115780472755,52.160972446653815],
                    [-106.61252472549678,52.16052160804043],
                    [-106.61308597773314,52.160088247459036],
                    [-106.61340415477753,52.15974702702209],
                    [-106.61428391933441,52.15932373727502],
                    [-106.61503929644823,52.15888686841672],
                    [-106.61597505211832,52.15865115490715],
                    [-106.61634184420109,52.15847097515227],
                    [-106.61711633205415,52.15819803023014],
                    [-106.61785025149584,52.15804088559714],
                    [-106.61938179284334,52.15798699555599],
                    [-106.62057839334012,52.1581188409229],
                    [-106.62162579596044,52.1583049869929],
                    [-106.62447195500135,52.159025704323824],
                    [-106.62532925605774,52.159364873481465],
                    [-106.62590324878693,52.159427400442446],
                    [-106.6263109445572,52.1594224641066],
                    [-106.62680715322493,52.159320240695735],
                    [-106.6280597448349,52.15886773988002],
                    [-106.62889927625658,52.158315065597684],
                    [-106.62915140390396,52.15805322681876],
                    [-106.62936061620712,52.15769450724795],
                    [-106.62977367639543,52.15727983698562],
                    [-106.63127705454828,52.15598828714444],
                    [-106.63231104612352,52.15521383293206],
                    [-106.63323506712914,52.15415837310737],
                    [-106.63330212235451,52.15402240189703],
                    [-106.63329541683197,52.15373852722971],
                    [-106.63313180208206,52.15357416708399],
                    [-106.63325149565935,52.15337504158892],
                    [-106.62214245647192,52.152266258340234],
                    [-106.61889631301165,52.151980932469115],
                    [-106.61717433482409,52.15175917108426],
                    [-106.61591704934835,52.15146314465711],
                    [-106.61460813134909,52.15095604825361],
                    [-106.61361806094646,52.15038537788868],
                    [-106.61286033689976,52.14979906510117]
                ]
            ]
        },
        "properties":{"text":"U of S Lands North Management Area"},
        "id":"432fcdb3-7ce3-4c7b-939a-f0a51a9e6578"
    },
        {
            "type":"Feature",
            "geometry":{"type":"Polygon",
                "coordinates":[
                [
                    [-106.61286033689976,52.14979906510117],
                    [-106.61361806094646,52.15038537788868],
                    [-106.61460813134909,52.15095604825361],
                    [-106.61591704934835,52.15146314465711],
                    [-106.61717433482409,52.15175917108426],
                    [-106.61889631301165,52.151980932469115],
                    [-106.62214245647192,52.152266258340234],
                    [-106.63325149565935,52.15337504158892],
                    [-106.63337856531145,52.15318393787433],
                    [-106.63334906101227,52.15297020519159],
                    [-106.6331371665001,52.15270833497166],
                    [-106.63311570882797,52.15201405258112],
                    [-106.63334839046003,52.15031810660307],
                    [-106.63366489112377,52.14942279223078],
                    [-106.63427408784628,52.148651104023216],
                    [-106.63449436426163,52.148533426053824],
                    [-106.63528729230167,52.14782405995801],
                    [-106.63567587733269,52.14756730285475],
                    [-106.63652613759042,52.14589958005418],
                    [-106.63757085800171,52.144228091276354],
                    [-106.63778007030486,52.144074806607065],
                    [-106.63796078413723,52.14377708306397],
                    [-106.63818307220937,52.143566803038716],
                    [-106.63891196250917,52.142994186155974],
                    [-106.63944941014051,52.14237650061711],
                    [-106.63948226720095,52.141801193522404],
                    [-106.63961034268141,52.141695020156135],
                    [-106.63945879787207,52.14155880511787],
                    [-106.63945242762566,52.14123410958523],
                    [-106.63962543010712,52.14118184531756],
                    [-106.63967672735453,52.141088839461304],
                    [-106.63976423442364,52.1407639347355],
                    [-106.63968075066805,52.140670928006536],
                    [-106.63974110037088,52.14049993504004],
                    [-106.63985408842565,52.140376885543695],
                    [-106.64007604122162,52.13976924650786],
                    [-106.64029095321894,52.139448859160986],
                    [-106.64022222161293,52.13936428639403],
                    [-106.64028827100992,52.13933300883369],
                    [-106.64036571979523,52.13904554233279],
                    [-106.64070334285498,52.13861300155343],
                    [-106.64126124233007,52.13717254050893],
                    [-106.64148051291704,52.13695358635173],
                    [-106.64160288870335,52.1365607420317],
                    [-106.64204008877277,52.13581784728336],
                    [-106.64268750697374,52.13510601490295],
                    [-106.64371211081745,52.134251554075405],
                    [-106.64436656981707,52.133522203641],
                    [-106.64441887289286,52.13332360587029],
                    [-106.64494324475527,52.132593005415906],
                    [-106.6451507806778,52.13244297358626],
                    [-106.64527650922537,52.13214990583882],
                    [-106.64585083723068,52.13131020667422],
                    [-106.64645969867706,52.130539645280656],
                    [-106.64726503193378,52.12970979502964],
                    [-106.6476358473301,52.12946734082352],
                    [-106.6468707472086,52.12904520390892],
                    [-106.64645802229643,52.12893014980957],
                    [-106.64567045867442,52.12887560706475],
                    [-106.64357632398605,52.128843293029725],
                    [-106.62801682949066,52.12891924126595],
                    [-106.62180114537476,52.12923558794672],
                    [-106.6153460741043,52.12963014341136],
                    [-106.61326166242361,52.129703414672676],
                    [-106.61066193133594,52.12963014341136],
                    [-106.60768266767263,52.12933870371837],
                    [-106.61045506596567,52.13246767021847],
                    [-106.61100156605244,52.13317275329324],
                    [-106.6117425262928,52.13469072264604],
                    [-106.6119185462594,52.13555505301674],
                    [-106.61196481436492,52.13627140555008],
                    [-106.61157991737127,52.14706098502991],
                    [-106.6116201505065,52.14764856828398],
                    [-106.61176666617393,52.148229766080675],
                    [-106.61206807941198,52.14884263865448],
                    [-106.61234367638826,52.149254713054034],
                    [-106.61286033689976,52.14979906510117]
                ]
            ]
        },
        "properties":{"text":"U of S Lands Management Area"},
        "id":"d87da2a9-7b23-4b36-ae22-16f5ad143cf3"
    },
        {
            "type":"Feature",
            "geometry":{"type":"Polygon",
                "coordinates":[
                [
                    [-106.70584447681904,52.114709110697284],
                    [-106.6940638795495,52.11475008223862],
                    [-106.69407863169907,52.11999309934203],
                    [-106.68955743312836,52.11998651173089],
                    [-106.68954268097878,52.121539514114446],
                    [-106.68227691203356,52.12152880961726],
                    [-106.68224170804024,52.12202327236112],
                    [-106.68513748794794,52.12202409577492],
                    [-106.68516598641872,52.12306714301079],
                    [-106.68733790516855,52.12307002489157],
                    [-106.68741267174481,52.12339444113754],
                    [-106.68741401284933,52.12434832649495],
                    [-106.68727587908505,52.124607275880145],
                    [-106.6858472675085,52.124609334295286],
                    [-106.68583150953053,52.12619387407604],
                    [-106.68663013726473,52.126192844905056],
                    [-106.70579854398966,52.11711607340517],
                    [-106.70584447681904,52.114709110697284]
                ]
            ]
        },
        "properties":{"text":"West Industrial"},
        "id":"110cf57a-9171-4a6d-b30d-2ba36c8e47b3"
    },
        {
            "type":"Feature",
            "geometry":{"type":"Polygon",
                "coordinates":[
                [
                    [-106.68126605451108,52.12929301172924],
                    [-106.68135423213243,52.14015630098015],
                    [-106.68273758143187,52.140153831743774],
                    [-106.68291460722685,52.140207126065064],
                    [-106.68807115405798,52.1401933395093],
                    [-106.68806847184898,52.14180366266743],
                    [-106.69013008475304,52.14180674909856],
                    [-106.69012606143951,52.14015033365867],
                    [-106.69131461530924,52.1393998851695],
                    [-106.69137094169854,52.13932066242222],
                    [-106.69138468801977,52.137084259309994],
                    [-106.69276066124439,52.137084259309994],
                    [-106.69274691492319,52.13337217494054],
                    [-106.69412422925234,52.1333746445529],
                    [-106.694062538445,52.129273870476595],
                    [-106.68126605451108,52.12929301172924]
                ]
            ]
        },
        "properties":{"text":"Westmount"},
        "id":"07297231-daf7-49be-a53c-1e9d1964bfcb"
    },
        {
            "type":"Feature",
            "geometry":{"type":"Polygon",
                "coordinates":[
                [
                    [-106.69470760971308,52.151188511013586],
                    [-106.69470861554147,52.15103010731777],
                    [-106.69677559286356,52.15094185358559],
                    [-106.69957883656025,52.151061170944075],
                    [-106.70513704419136,52.15087067445739],
                    [-106.70514140278101,52.15043084252261],
                    [-106.70642483979464,52.1503833206643],
                    [-106.70748632401227,52.15041849918769],
                    [-106.70748129487038,52.15082706175614],
                    [-106.70756109058857,52.15087602318197],
                    [-106.7110687494278,52.15102311285585],
                    [-106.71362187713385,52.15092601315361],
                    [-106.71439871191978,52.151007066733214],
                    [-106.71440474689008,52.15050778256655],
                    [-106.71703867614269,52.15077583734966],
                    [-106.71780981123449,52.150793323599466],
                    [-106.71783093363047,52.143866174008096],
                    [-106.70152209699154,52.1438558863793],
                    [-106.70103829354048,52.144132211263134],
                    [-106.69734220951797,52.145611744447145],
                    [-106.69303223490715,52.14760166066192],
                    [-106.69302050024271,52.15119694548029],
                    [-106.69470760971308,52.151188511013586]
                ]
            ]
        },
        "properties":{"text":"Westview"},
        "id":"b6ef15c9-2eba-4a53-a671-d6151c17f65a"
    },
        {
            "type":"Feature",
            "geometry":{"type":"Polygon",
                "coordinates":[
                [
                    [-106.57255645841359,52.1027017974576],
                    [-106.57475553452969,52.10692630564624],
                    [-106.57487723976374,52.10728419869552],
                    [-106.57492753118278,52.11188589551042],
                    [-106.57504085451366,52.11477746520762],
                    [-106.60082492977381,52.114668139118244],
                    [-106.60293716937305,52.11466855089308],
                    [-106.60443015396595,52.114742670304274],
                    [-106.60447642207146,52.1048054523907],
                    [-106.59957803785801,52.104815337172326],
                    [-106.59860003739595,52.10470598665384],
                    [-106.59811824560165,52.10458572136725],
                    [-106.59283429384232,52.10270303311371],
                    [-106.58203471451998,52.10043781203867],
                    [-106.58150665462017,52.10038199870251],
                    [-106.58031810075045,52.100413921467904],
                    [-106.5797333791852,52.10052740156506],
                    [-106.57379262149334,52.102412241099714],
                    [-106.57255645841359,52.1027017974576]
                ]
            ]
        },
        "properties":{"text":"Wildwood"},
        "id":"44a4ebe2-dcfb-4f86-921b-83fcdb0fd175"
    },
        {
            "type":"Feature",
            "geometry":{"type":"Polygon",
                "coordinates":[
                [
                    [-106.53470981866121,52.14398283555225],
                    [-106.53679959475994,52.144050939416466],
                    [-106.55152324587107,52.14403118724906],
                    [-106.55150379985571,52.15678679395305],
                    [-106.56582478433847,52.15685816931504],
                    [-106.56580366194248,52.14703835386714],
                    [-106.5657476708293,52.14659375205535],
                    [-106.5652759373188,52.14539139155641],
                    [-106.56482432037593,52.1446651040008],
                    [-106.56430598348379,52.14406369601993],
                    [-106.56319253146648,52.14302731295314],
                    [-106.55306819826363,52.13601540499081],
                    [-106.54229778796433,52.14189872464746],
                    [-106.54109112918376,52.142501807936455],
                    [-106.53906371444464,52.14322710199623],
                    [-106.53796903789045,52.14345610728406],
                    [-106.53470981866121,52.14398283555225]
                ]
            ]
        },
        "properties":{"text":"Willowgrove"},
        "id":"cba834d7-43d1-4666-a64e-ac85aa94d3b9"
    },
        {
            "type":"Feature",
            "geometry":{"type":"Polygon",
                "coordinates":[
                [
                    [-106.71828120946884,52.11641485382281],
                    [-106.7175305262208,52.116374501450146],
                    [-106.71850819140674,52.117543881931006],
                    [-106.71877641230823,52.11821008568521],
                    [-106.71885386109352,52.118793726341686],
                    [-106.7187824472785,52.1194947026374],
                    [-106.71820141375065,52.121474463668825],
                    [-106.71820711344482,52.125079062147854],
                    [-106.71830266714097,52.12556772206498],
                    [-106.71848438680172,52.1259481073731],
                    [-106.71974200755358,52.12814740356988],
                    [-106.71990897506475,52.128764051507076],
                    [-106.71988517045975,52.12938048509084],
                    [-106.71916432678701,52.13116860878511],
                    [-106.71760864555836,52.134526703775414],
                    [-106.71719122678041,52.13525665514133],
                    [-106.7166554555297,52.13594049779653],
                    [-106.71731159090996,52.136153694864696],
                    [-106.71773940324785,52.135716187038305],
                    [-106.71813234686852,52.13585694731586],
                    [-106.72122962772846,52.13593267780745],
                    [-106.72286611050367,52.136081668942275],
                    [-106.72587990760803,52.13600511554853],
                    [-106.72452840954065,52.133271538121754],
                    [-106.72657560557127,52.132959336155494],
                    [-106.72704532742502,52.132944312538285],
                    [-106.7278701066971,52.13311204167537],
                    [-106.72815944999456,52.13276835061764],
                    [-106.72823052853346,52.13252364920078],
                    [-106.7282084003091,52.12664403118009],
                    [-106.72726660966875,52.12667428849036],
                    [-106.72666847705841,52.12678646677436],
                    [-106.72322150319815,52.127820140350536],
                    [-106.72163799405097,52.12253337430551],
                    [-106.72153003513813,52.121844591203256],
                    [-106.72153037041427,52.121653969731256],
                    [-106.72445867210627,52.12165726341371],
                    [-106.72453343868256,52.12026277883711],
                    [-106.72470040619373,52.1199784830785],
                    [-106.72491163015366,52.119778795617904],
                    [-106.72547221183777,52.11945847035895],
                    [-106.72421392053366,52.117661435912716],
                    [-106.72428231686354,52.117111544130275],
                    [-106.71833485364914,52.116791199702874],
                    [-106.71828120946884,52.11641485382281]
                ]
            ]
        },
        "properties":{"text":"Confederation Urban Centre"},
        "id":"3959a968-7113-4a9f-a766-0dd4c3a2f050"
    }
    
],"metadata":{
    "tileStats":{
        "layers":[{
            "layer":"New dataset",
            "sourceType":"geojson",
            "attributes":[{
                "attribute":"text",
                "type":"String",
                "values":["Adelaide/Churchill",
                    "Agpro Industrial",
                    "Agriplace",
                    "Airport Business Area",
                    "Arbor Creek",
                    "Aspen Ridge",
                    "Avalon",
                    "Blairmore Sector",
                    "Blairmore Suburban Centre",
                    "Brevoort Park",
                    "Briarwood",
                    "Brighton",
                    "Buena Vista",
                    "C.N. Industrial Area",
                    "C.N. Yards Management Area",
                    "Caswell Hill",
                    "Central Business District",
                    "Central Industrial",
                    "City Park",
                    "College Park",
                    "College Park East",
                    "Confederation Park",
                    "Confederation Urban Centre",
                    "Diefenbaker Management Area",
                    "Dundonald",
                    "Eastview",
                    "Elk Point",
                    "Erindale",
                    "Evergreen",
                    "Exhibition",
                    "Fairhaven",
                    "Forest Grove",
                    "Gordie Howe Management Area",
                    "Greystone Heights",
                    "Grosvenor Park",
                    "Hampton Village",
                    "Haultain",
                    "Hillcrest Management Area",
                    "Holiday Park",
                    "Hudson Bay Industrial",
                    "Husdson Bay Park",
                    "Kelsey-Woodlawn",
                    "Kensington",
                    "King George",
                    "Lakeridge",
                    "Lakeview",
                    "Lakewood Sector",
                    "Lakewood Urban Centre",
                    "Lawson Heights",
                    "Lawson Heights Urban Centre",
                    "Lawson Sector",
                    "Marquis Industrial",
                    "Massey Place",
                    "Mayfair",
                    "Meadowgreen",
                    "Montgomery Place",
                    "Mount Royal",
                    "North Development Area",
                    "North Park",
                    "Nutana",
                    "Nutana Sector",
                    "Pacific Heights",
                    "Parkridge",
                    "Pleasant Hill",
                    "Queen Elizabeth",
                    "Richmond Heights",
                    "River Heights",
                    "Riversdale",
                    "Rosewood",
                    "Silverspring",
                    "Silverwood Heights",
                    "South Development Area",
                    "South East Development Area",
                    "South West Development Area",
                    "South West Industrial",
                    "Stonebridge",
                    "Sutherland",
                    "Sutherland Industrial",
                    "The Willows",
                    "U of S Lands Management Area",
                    "U of S Lands North Management Area",
                    "West Industrial",
                    "Westmount",
                    "Westview",
                    "Wildwood",
                    "Willowgrove"
                ]
            }
        ],
        "geometry":["Polygon"]
    }
]
}
}
}

